dataset_key,dataset_name,objective_key,variant,action,candidate_mode,order_mode,step,objective_value,variant_label,initial_value,delta_from_initial,normalized_value,plot_value
nba_elo_top50,NBA Elo Top-50 Teams,kendall_tau,drop,drop,,greedy,0,0.4545498887251019,Drop,0.4545498887251019,0.0,1.0,1.0
nba_elo_top50,NBA Elo Top-50 Teams,kendall_tau,drop,drop,,greedy,1,0.4543657897636391,Drop,0.4545498887251019,-0.00018409896146276417,0.9995949862357703,0.9995949862357703
nba_elo_top50,NBA Elo Top-50 Teams,kendall_tau,drop,drop,,greedy,2,0.4542523089913381,Drop,0.4545498887251019,-0.00029757973376376423,0.9993453309721438,0.9993453309721438
nba_elo_top50,NBA Elo Top-50 Teams,kendall_tau,drop,drop,,greedy,3,0.4540662592625956,Drop,0.4545498887251019,-0.00048362946250629646,0.9989360255617645,0.9989360255617645
nba_elo_top50,NBA Elo Top-50 Teams,kendall_tau,drop,drop,,greedy,4,0.45388081301837924,Drop,0.4545498887251019,-0.0006690757067226438,0.9985280478043912,0.9985280478043912
nba_elo_top50,NBA Elo Top-50 Teams,kendall_tau,drop,drop,,greedy,5,0.4537028667859623,Drop,0.4545498887251019,-0.0008470219391396028,0.9981365699120172,0.9981365699120172
nba_elo_top50,NBA Elo Top-50 Teams,kendall_tau,drop,drop,,greedy,6,0.4536408482352669,Drop,0.4545498887251019,-0.000909040489834978,0.9980001304314811,0.9980001304314811
nba_elo_top50,NBA Elo Top-50 Teams,kendall_tau,drop,drop,,greedy,7,0.4535368085822589,Drop,0.4545498887251019,-0.0010130801428429592,0.9977712454276815,0.9977712454276815
nba_elo_top50,NBA Elo Top-50 Teams,kendall_tau,drop,drop,,greedy,8,0.45335719893625764,Drop,0.4545498887251019,-0.0011926897888442367,0.9973761080611208,0.9973761080611208
nba_elo_top50,NBA Elo Top-50 Teams,kendall_tau,drop,drop,,greedy,9,0.453175296417975,Drop,0.4545498887251019,-0.0013745923071268873,0.996975926424749,0.996975926424749
nba_elo_top50,NBA Elo Top-50 Teams,kendall_tau,drop,drop,,greedy,10,0.45306641317030205,Drop,0.4545498887251019,-0.001483475554799829,0.9967363856166358,0.9967363856166358
nba_elo_top50,NBA Elo Top-50 Teams,kendall_tau,drop,drop,,greedy,11,0.45288211777525833,Drop,0.4545498887251019,-0.00166777094984355,0.9963309397027437,0.9963309397027437
nba_elo_top50,NBA Elo Top-50 Teams,kendall_tau,drop,drop,,greedy,12,0.45288807556659183,Drop,0.4545498887251019,-0.0016618131585100504,0.9963440467158159,0.9963440467158159
nba_elo_top50,NBA Elo Top-50 Teams,kendall_tau,drop,drop,,greedy,13,0.45270409194431155,Drop,0.4545498887251019,-0.001845796780790332,0.9959392866953123,0.9959392866953123
nba_elo_top50,NBA Elo Top-50 Teams,kendall_tau,drop,drop,,greedy,14,0.45284679264526256,Drop,0.4545498887251019,-0.0017030960798393169,0.9962532251748734,0.9962532251748734
nba_elo_top50,NBA Elo Top-50 Teams,kendall_tau,drop,drop,,greedy,15,0.4531211943147963,Drop,0.4545498887251019,-0.0014286944103055754,0.996856902958853,0.996856902958853
nba_elo_top50,NBA Elo Top-50 Teams,kendall_tau,drop,drop,,greedy,16,0.45293451792408335,Drop,0.4545498887251019,-0.0016153708010185341,0.9964462189055876,0.9964462189055876
nba_elo_top50,NBA Elo Top-50 Teams,kendall_tau,drop,drop,,greedy,17,0.4527919303313893,Drop,0.4545498887251019,-0.0017579583937125665,0.9961325292617644,0.9961325292617644
nba_elo_top50,NBA Elo Top-50 Teams,kendall_tau,drop,drop,,greedy,18,0.4526056297117982,Drop,0.4545498887251019,-0.0019442590133036952,0.9957226718969026,0.9957226718969026
nba_elo_top50,NBA Elo Top-50 Teams,kendall_tau,drop,drop,,greedy,19,0.45249277175998154,Drop,0.4545498887251019,-0.0020571169651203425,0.9954743868249752,0.9954743868249752
nba_elo_top50,NBA Elo Top-50 Teams,kendall_tau,drop,drop,,greedy,20,0.45276469711492506,Drop,0.4545498887251019,-0.0017851916101768173,0.9960726167700011,0.9960726167700011
nba_elo_top50,NBA Elo Top-50 Teams,kendall_tau,drop,drop,,greedy,21,0.452582896386745,Drop,0.4545498887251019,-0.001966992338356899,0.9956726590696704,0.9956726590696704
nba_elo_top50,NBA Elo Top-50 Teams,kendall_tau,drop,drop,,greedy,22,0.4526476396172505,Drop,0.4545498887251019,-0.0019022491078513615,0.9958150927873138,0.9958150927873138
nba_elo_top50,NBA Elo Top-50 Teams,kendall_tau,drop,drop,,greedy,23,0.4527180631505068,Drop,0.4545498887251019,-0.0018318255745951029,0.9959700230491026,0.9959700230491026
nba_elo_top50,NBA Elo Top-50 Teams,kendall_tau,drop,drop,,greedy,24,0.4525358843794763,Drop,0.4545498887251019,-0.0020140043456255974,0.9955692336626143,0.9955692336626143
nba_elo_top50,NBA Elo Top-50 Teams,kendall_tau,drop,drop,,greedy,25,0.45235956829723634,Drop,0.4545498887251019,-0.002190320427865544,0.9951813420656447,0.9951813420656447
nba_elo_top50,NBA Elo Top-50 Teams,kendall_tau,drop,drop,,random,0,0.4545498887251019,Drop,0.4545498887251019,0.0,1.0,1.0
nba_elo_top50,NBA Elo Top-50 Teams,kendall_tau,drop,drop,,random,1,0.45458031271673993,Drop,0.4545498887251019,3.0423991638051096e-05,1.0000669321286677,1.0000669321286677
nba_elo_top50,NBA Elo Top-50 Teams,kendall_tau,drop,drop,,random,2,0.45457920382956646,Drop,0.4545498887251019,2.9315104464577857e-05,1.000064492600684,1.000064492600684
nba_elo_top50,NBA Elo Top-50 Teams,kendall_tau,drop,drop,,random,3,0.4545779071837625,Drop,0.4545498887251019,2.801845866062802e-05,1.0000616400077431,1.0000616400077431
nba_elo_top50,NBA Elo Top-50 Teams,kendall_tau,drop,drop,,random,4,0.45456734514173364,Drop,0.4545498887251019,1.74564166317559e-05,1.0000384037419539,1.0000384037419539
nba_elo_top50,NBA Elo Top-50 Teams,kendall_tau,drop,drop,,random,5,0.4545526306646517,Drop,0.4545498887251019,2.7419395497996213e-06,1.000006032208164,1.000006032208164
nba_elo_top50,NBA Elo Top-50 Teams,kendall_tau,drop,drop,,random,6,0.45456575289646434,Drop,0.4545498887251019,1.5864171362456325e-05,1.000034900836533,1.000034900836533
nba_elo_top50,NBA Elo Top-50 Teams,kendall_tau,drop,drop,,random,7,0.4545654555985884,Drop,0.4545498887251019,1.5566873486527744e-05,1.0000342467875862,1.0000342467875862
nba_elo_top50,NBA Elo Top-50 Teams,kendall_tau,drop,drop,,random,8,0.45455470399671266,Drop,0.4545498887251019,4.815271610780769e-06,1.000010593494202,1.000010593494202
nba_elo_top50,NBA Elo Top-50 Teams,kendall_tau,drop,drop,,random,9,0.4545602385810652,Drop,0.4545498887251019,1.0349855963320831e-05,1.0000227694609987,1.0000227694609987
nba_elo_top50,NBA Elo Top-50 Teams,kendall_tau,drop,drop,,random,10,0.4545237577396451,Drop,0.4545498887251019,-2.6130985456784828e-05,0.9999425123927979,0.9999425123927979
nba_elo_top50,NBA Elo Top-50 Teams,kendall_tau,drop,drop,,random,11,0.45452080342553114,Drop,0.4545498887251019,-2.9085299570741352e-05,0.9999360129651503,0.9999360129651503
nba_elo_top50,NBA Elo Top-50 Teams,kendall_tau,drop,drop,,random,12,0.454536461418596,Drop,0.4545498887251019,-1.3427306505886527e-05,0.9999704602138534,0.9999704602138534
nba_elo_top50,NBA Elo Top-50 Teams,kendall_tau,drop,drop,,random,13,0.45453165701458687,Drop,0.4545498887251019,-1.8231710515015376e-05,0.9999598906281417,0.9999598906281417
nba_elo_top50,NBA Elo Top-50 Teams,kendall_tau,drop,drop,,random,14,0.45457550951803477,Drop,0.4545498887251019,2.562079293288999e-05,1.0000563651945988,1.0000563651945988
nba_elo_top50,NBA Elo Top-50 Teams,kendall_tau,drop,drop,,random,15,0.4545821010209875,Drop,0.4545498887251019,3.221229588562524e-05,1.0000708663596332,1.0000708663596332
nba_elo_top50,NBA Elo Top-50 Teams,kendall_tau,drop,drop,,random,16,0.4545705789980105,Drop,0.4545498887251019,2.0690272908630014e-05,1.0000455181563606,1.0000455181563606
nba_elo_top50,NBA Elo Top-50 Teams,kendall_tau,drop,drop,,random,17,0.45454716272081036,Drop,0.4545498887251019,-2.7260042915200344e-06,0.999994002849062,0.999994002849062
nba_elo_top50,NBA Elo Top-50 Teams,kendall_tau,drop,drop,,random,18,0.45455798785080875,Drop,0.4545498887251019,8.09912570687299e-06,1.000017817902738,1.000017817902738
nba_elo_top50,NBA Elo Top-50 Teams,kendall_tau,drop,drop,,random,19,0.4545564771420071,Drop,0.4545498887251019,6.588416905206618e-06,1.000014494375796,1.000014494375796
nba_elo_top50,NBA Elo Top-50 Teams,kendall_tau,drop,drop,,random,20,0.45453979146045614,Drop,0.4545498887251019,-1.0097264645736459e-05,0.999977786234479,0.999977786234479
nba_elo_top50,NBA Elo Top-50 Teams,kendall_tau,drop,drop,,random,21,0.454557685779699,Drop,0.4545498887251019,7.7970545971362e-06,1.0000171533527793,1.0000171533527793
nba_elo_top50,NBA Elo Top-50 Teams,kendall_tau,drop,drop,,random,22,0.4545546868633311,Drop,0.4545498887251019,4.798138229233917e-06,1.0000105558011305,1.0000105558011305
nba_elo_top50,NBA Elo Top-50 Teams,kendall_tau,drop,drop,,random,23,0.4545386911054479,Drop,0.4545498887251019,-1.1197619653957602e-05,0.9999753654770759,0.9999753654770759
nba_elo_top50,NBA Elo Top-50 Teams,kendall_tau,drop,drop,,random,24,0.4545363266933101,Drop,0.4545498887251019,-1.3562031791758411e-05,0.9999701638211159,0.9999701638211159
nba_elo_top50,NBA Elo Top-50 Teams,kendall_tau,drop,drop,,random,25,0.45453605231735433,Drop,0.4545498887251019,-1.3836407747547241e-05,0.9999695601999016,0.9999695601999016
nba_elo_top50,NBA Elo Top-50 Teams,kendall_tau,flip,flip,,greedy,0,0.4545498887251019,Flip,0.4545498887251019,0.0,1.0,1.0
nba_elo_top50,NBA Elo Top-50 Teams,kendall_tau,flip,flip,,greedy,1,0.45398559488412077,Flip,0.4545498887251019,-0.0005642938409811116,0.9987585656602759,0.9987585656602759
nba_elo_top50,NBA Elo Top-50 Teams,kendall_tau,flip,flip,,greedy,2,0.4534520956963678,Flip,0.4545498887251019,-0.0010977930287340842,0.9975848788967628,0.9975848788967628
nba_elo_top50,NBA Elo Top-50 Teams,kendall_tau,flip,flip,,greedy,3,0.4529326144275616,Flip,0.4545498887251019,-0.001617274297540272,0.9964420312540911,0.9964420312540911
nba_elo_top50,NBA Elo Top-50 Teams,kendall_tau,flip,flip,,greedy,4,0.4525322458566629,Flip,0.4545498887251019,-0.0020176428684389736,0.995561228990512,0.995561228990512
nba_elo_top50,NBA Elo Top-50 Teams,kendall_tau,flip,flip,,greedy,5,0.4520023988831835,Flip,0.4545498887251019,-0.0025474898419183822,0.9943955770200198,0.9943955770200198
nba_elo_top50,NBA Elo Top-50 Teams,kendall_tau,flip,flip,,greedy,6,0.45160488187657755,Flip,0.4545498887251019,-0.002945006848524334,0.9935210481366867,0.9935210481366867
nba_elo_top50,NBA Elo Top-50 Teams,kendall_tau,flip,flip,,greedy,7,0.45119682795026556,Flip,0.4545498887251019,-0.003353060774836325,0.9926233382561355,0.9926233382561355
nba_elo_top50,NBA Elo Top-50 Teams,kendall_tau,flip,flip,,greedy,8,0.45108654097257406,Flip,0.4545498887251019,-0.0034633477525278233,0.9923807092721073,0.9923807092721073
nba_elo_top50,NBA Elo Top-50 Teams,kendall_tau,flip,flip,,greedy,9,0.4505745608996642,Flip,0.4545498887251019,-0.003975327825437691,0.9912543640994227,0.9912543640994227
nba_elo_top50,NBA Elo Top-50 Teams,kendall_tau,flip,flip,,greedy,10,0.4500571293370956,Flip,0.4545498887251019,-0.004492759388006307,0.9901160257664844,0.9901160257664844
nba_elo_top50,NBA Elo Top-50 Teams,kendall_tau,flip,flip,,greedy,11,0.4495683126041218,Flip,0.4545498887251019,-0.004981576120980102,0.9890406394445456,0.9890406394445456
nba_elo_top50,NBA Elo Top-50 Teams,kendall_tau,flip,flip,,greedy,12,0.4490647242093856,Flip,0.4545498887251019,-0.00548516451571629,0.9879327557837473,0.9879327557837473
nba_elo_top50,NBA Elo Top-50 Teams,kendall_tau,flip,flip,,greedy,13,0.44868208241043944,Flip,0.4545498887251019,-0.005867806314662438,0.9870909520380257,0.9870909520380257
nba_elo_top50,NBA Elo Top-50 Teams,kendall_tau,flip,flip,,greedy,14,0.44848241198925604,Flip,0.4545498887251019,-0.006067476735845845,0.986651681396593,0.986651681396593
nba_elo_top50,NBA Elo Top-50 Teams,kendall_tau,flip,flip,,greedy,15,0.4480541960193198,Flip,0.4545498887251019,-0.006495692705782097,0.9857096154527705,0.9857096154527705
nba_elo_top50,NBA Elo Top-50 Teams,kendall_tau,flip,flip,,greedy,16,0.4476258093059594,Flip,0.4545498887251019,-0.00692407941914247,0.9847671738770792,0.9847671738770792
nba_elo_top50,NBA Elo Top-50 Teams,kendall_tau,flip,flip,,greedy,17,0.44718473886963406,Flip,0.4545498887251019,-0.007365149855467823,0.9837968283830731,0.9837968283830731
nba_elo_top50,NBA Elo Top-50 Teams,kendall_tau,flip,flip,,greedy,18,0.44760104243976023,Flip,0.4545498887251019,-0.006948846285341648,0.9847126873029682,0.9847126873029682
nba_elo_top50,NBA Elo Top-50 Teams,kendall_tau,flip,flip,,greedy,19,0.4472054003354643,Flip,0.4545498887251019,-0.007344488389637582,0.9838422831644794,0.9838422831644794
nba_elo_top50,NBA Elo Top-50 Teams,kendall_tau,flip,flip,,greedy,20,0.4467836935293481,Flip,0.4545498887251019,-0.007766195195753778,0.9829145372413663,0.9829145372413663
nba_elo_top50,NBA Elo Top-50 Teams,kendall_tau,flip,flip,,greedy,21,0.4463353772217969,Flip,0.4545498887251019,-0.008214511503304989,0.9819282509861686,0.9819282509861686
nba_elo_top50,NBA Elo Top-50 Teams,kendall_tau,flip,flip,,greedy,22,0.4458794158887838,Flip,0.4545498887251019,-0.008670472836318055,0.9809251458390265,0.9809251458390265
nba_elo_top50,NBA Elo Top-50 Teams,kendall_tau,flip,flip,,greedy,23,0.445498641188154,Flip,0.4545498887251019,-0.00905124753694786,0.9800874496695305,0.9800874496695305
nba_elo_top50,NBA Elo Top-50 Teams,kendall_tau,flip,flip,,greedy,24,0.4450849290767861,Flip,0.4545498887251019,-0.009464959648315785,0.9791772919032878,0.9791772919032878
nba_elo_top50,NBA Elo Top-50 Teams,kendall_tau,flip,flip,,greedy,25,0.4446461227967203,Flip,0.4545498887251019,-0.009903765928381603,0.9782119275044612,0.9782119275044612
nba_elo_top50,NBA Elo Top-50 Teams,kendall_tau,flip,flip,,random,0,0.4545498887251019,Flip,0.4545498887251019,0.0,1.0,1.0
nba_elo_top50,NBA Elo Top-50 Teams,kendall_tau,flip,flip,,random,1,0.4545323814466977,Flip,0.4545498887251019,-1.7507278404160775e-05,0.9999614843632384,0.9999614843632384
nba_elo_top50,NBA Elo Top-50 Teams,kendall_tau,flip,flip,,random,2,0.45452986247968014,Flip,0.4545498887251019,-2.0026245421744804e-05,0.9999559426898599,0.9999559426898599
nba_elo_top50,NBA Elo Top-50 Teams,kendall_tau,flip,flip,,random,3,0.4545208356891266,Flip,0.4545498887251019,-2.9053035975279418e-05,0.999936083944368,0.999936083944368
nba_elo_top50,NBA Elo Top-50 Teams,kendall_tau,flip,flip,,random,4,0.4545073623861004,Flip,0.4545498887251019,-4.252633900148073e-05,0.9999064429668638,0.9999064429668638
nba_elo_top50,NBA Elo Top-50 Teams,kendall_tau,flip,flip,,random,5,0.4545441618103584,Flip,0.4545498887251019,-5.726914743486855e-06,0.9999874009104709,0.9999874009104709
nba_elo_top50,NBA Elo Top-50 Teams,kendall_tau,flip,flip,,random,6,0.45461513561100747,Flip,0.4545498887251019,6.524688590558991e-05,1.0001435417487146,1.0001435417487146
nba_elo_top50,NBA Elo Top-50 Teams,kendall_tau,flip,flip,,random,7,0.4546367848385983,Flip,0.4545498887251019,8.689611349643744e-05,1.0001911695847956,1.0001911695847956
nba_elo_top50,NBA Elo Top-50 Teams,kendall_tau,flip,flip,,random,8,0.4545752179372479,Flip,0.4545498887251019,2.5329212146041336e-05,1.0000557237231256,1.0000557237231256
nba_elo_top50,NBA Elo Top-50 Teams,kendall_tau,flip,flip,,random,9,0.4545903798243431,Flip,0.4545498887251019,4.04910992412022e-05,1.0000890795493422,1.0000890795493422
nba_elo_top50,NBA Elo Top-50 Teams,kendall_tau,flip,flip,,random,10,0.4546368751176884,Flip,0.4545498887251019,8.698639258652996e-05,1.0001913681968562,1.0001913681968562
nba_elo_top50,NBA Elo Top-50 Teams,kendall_tau,flip,flip,,random,11,0.4545341231805051,Flip,0.4545498887251019,-1.5765544596757497e-05,0.999965316140235,0.999965316140235
nba_elo_top50,NBA Elo Top-50 Teams,kendall_tau,flip,flip,,random,12,0.4545089900727232,Flip,0.4545498887251019,-4.0898652378662526e-05,0.9999100238425019,0.9999100238425019
nba_elo_top50,NBA Elo Top-50 Teams,kendall_tau,flip,flip,,random,13,0.45445895593700114,Flip,0.4545498887251019,-9.093278810073935e-05,0.9997999498177069,0.9997999498177069
nba_elo_top50,NBA Elo Top-50 Teams,kendall_tau,flip,flip,,random,14,0.4545065049977849,Flip,0.4545498887251019,-4.338372731699236e-05,0.9999045567309703,0.9999045567309703
nba_elo_top50,NBA Elo Top-50 Teams,kendall_tau,flip,flip,,random,15,0.4545172412911673,Flip,0.4545498887251019,-3.264743393460723e-05,0.9999281763459976,0.9999281763459976
nba_elo_top50,NBA Elo Top-50 Teams,kendall_tau,flip,flip,,random,16,0.4544746039815946,Flip,0.4545498887251019,-7.528474350726455e-05,0.9998343751799865,0.9998343751799865
nba_elo_top50,NBA Elo Top-50 Teams,kendall_tau,flip,flip,,random,17,0.45449943270654436,Flip,0.4545498887251019,-5.045601855752091e-05,0.9998889978420211,0.9998889978420211
nba_elo_top50,NBA Elo Top-50 Teams,kendall_tau,flip,flip,,random,18,0.4545507405982325,Flip,0.4545498887251019,8.518731306472738e-07,1.000001874102605,1.000001874102605
nba_elo_top50,NBA Elo Top-50 Teams,kendall_tau,flip,flip,,random,19,0.4545113690815403,Flip,0.4545498887251019,-3.851964356160753e-05,0.999915257610843,0.999915257610843
nba_elo_top50,NBA Elo Top-50 Teams,kendall_tau,flip,flip,,random,20,0.4545365037559529,Flip,0.4545498887251019,-1.3384969148988457e-05,0.99997055335513,0.99997055335513
nba_elo_top50,NBA Elo Top-50 Teams,kendall_tau,flip,flip,,random,21,0.45458100195660023,Flip,0.4545498887251019,3.111323149834755e-05,1.0000684484415685,1.0000684484415685
nba_elo_top50,NBA Elo Top-50 Teams,kendall_tau,flip,flip,,random,22,0.45455053845145527,Flip,0.4545498887251019,6.497263533855602e-07,1.0000014293840336,1.0000014293840336
nba_elo_top50,NBA Elo Top-50 Teams,kendall_tau,flip,flip,,random,23,0.4545530746064406,Flip,0.4545498887251019,3.18588133874087e-06,1.0000070088705724,1.0000070088705724
nba_elo_top50,NBA Elo Top-50 Teams,kendall_tau,flip,flip,,random,24,0.454553132534066,Flip,0.4545498887251019,3.2438089641040335e-06,1.0000071363101048,1.0000071363101048
nba_elo_top50,NBA Elo Top-50 Teams,kendall_tau,flip,flip,,random,25,0.454554492916627,Flip,0.4545498887251019,4.604191525092727e-06,1.0000101291225436,1.0000101291225436
nba_elo_top50,NBA Elo Top-50 Teams,kendall_tau,add_pairs,add,all_pairs,greedy,0,0.4545498887251019,"Add
pairs",0.4545498887251019,0.0,1.0,1.0
nba_elo_top50,NBA Elo Top-50 Teams,kendall_tau,add_pairs,add,all_pairs,greedy,1,0.4545856547254945,"Add
pairs",0.4545498887251019,3.576600039262301e-05,1.0000786844332819,1.0000786844332819
nba_elo_top50,NBA Elo Top-50 Teams,kendall_tau,add_pairs,add,all_pairs,greedy,2,0.45450125310057393,"Add
pairs",0.4545498887251019,-4.863562452794845e-05,0.9998930026698184,0.9998930026698184
nba_elo_top50,NBA Elo Top-50 Teams,kendall_tau,add_pairs,add,all_pairs,greedy,3,0.4545374774421884,"Add
pairs",0.4545498887251019,-1.2411282913460386e-05,0.9999726954439516,0.9999726954439516
nba_elo_top50,NBA Elo Top-50 Teams,kendall_tau,add_pairs,add,all_pairs,greedy,4,0.4544559165112237,"Add
pairs",0.4545498887251019,-9.397221387819066e-05,0.9997932631462263,0.9997932631462263
nba_elo_top50,NBA Elo Top-50 Teams,kendall_tau,add_pairs,add,all_pairs,greedy,5,0.45440191401826957,"Add
pairs",0.4545498887251019,-0.00014797470683231007,0.9996744588206867,0.9996744588206867
nba_elo_top50,NBA Elo Top-50 Teams,kendall_tau,add_pairs,add,all_pairs,greedy,6,0.4543602540965078,"Add
pairs",0.4545498887251019,-0.00018963462859405977,0.9995828078868836,0.9995828078868836
nba_elo_top50,NBA Elo Top-50 Teams,kendall_tau,add_pairs,add,all_pairs,greedy,7,0.45431399141632733,"Add
pairs",0.4545498887251019,-0.0002358973087745464,0.9994810309833401,0.9994810309833401
nba_elo_top50,NBA Elo Top-50 Teams,kendall_tau,add_pairs,add,all_pairs,greedy,8,0.45426309003798376,"Add
pairs",0.4545498887251019,-0.0002867986871181172,0.9993690490433899,0.9993690490433899
nba_elo_top50,NBA Elo Top-50 Teams,kendall_tau,add_pairs,add,all_pairs,greedy,9,0.4542253285085526,"Add
pairs",0.4545498887251019,-0.0003245602165493078,0.9992859744890498,0.9992859744890498
nba_elo_top50,NBA Elo Top-50 Teams,kendall_tau,add_pairs,add,all_pairs,greedy,10,0.45419221295668744,"Add
pairs",0.4545498887251019,-0.00035767576841444493,0.9992131209856466,0.9992131209856466
nba_elo_top50,NBA Elo Top-50 Teams,kendall_tau,add_pairs,add,all_pairs,greedy,11,0.45415640854101935,"Add
pairs",0.4545498887251019,-0.0003934801840825286,0.9991343520395833,0.9991343520395833
nba_elo_top50,NBA Elo Top-50 Teams,kendall_tau,add_pairs,add,all_pairs,greedy,12,0.4541271697094832,"Add
pairs",0.4545498887251019,-0.00042271901561868885,0.9990700272377048,0.9990700272377048
nba_elo_top50,NBA Elo Top-50 Teams,kendall_tau,add_pairs,add,all_pairs,greedy,13,0.45400138963513054,"Add
pairs",0.4545498887251019,-0.0005484990899713438,0.9987933137735228,0.9987933137735228
nba_elo_top50,NBA Elo Top-50 Teams,kendall_tau,add_pairs,add,all_pairs,greedy,14,0.45387598556286396,"Add
pairs",0.4545498887251019,-0.000673903162237921,0.9985174275058607,0.9985174275058607
nba_elo_top50,NBA Elo Top-50 Teams,kendall_tau,add_pairs,add,all_pairs,greedy,15,0.45375096132448184,"Add
pairs",0.4545498887251019,-0.000798927400620042,0.9982423768645927,0.9982423768645927
nba_elo_top50,NBA Elo Top-50 Teams,kendall_tau,add_pairs,add,all_pairs,greedy,16,0.45362631999780023,"Add
pairs",0.4545498887251019,-0.0009235687273016491,0.9979681686208481,0.9979681686208481
nba_elo_top50,NBA Elo Top-50 Teams,kendall_tau,add_pairs,add,all_pairs,greedy,17,0.4535020639226922,"Add
pairs",0.4545498887251019,-0.0010478248024096692,0.9976948079222975,0.9976948079222975
nba_elo_top50,NBA Elo Top-50 Teams,kendall_tau,add_pairs,add,all_pairs,greedy,18,0.45338955151571136,"Add
pairs",0.4545498887251019,-0.0011603372093905162,0.9974472830415931,0.9974472830415931
nba_elo_top50,NBA Elo Top-50 Teams,kendall_tau,add_pairs,add,all_pairs,greedy,19,0.4532883639960249,"Add
pairs",0.4545498887251019,-0.0012615247290769793,0.9972246726698906,0.9972246726698906
nba_elo_top50,NBA Elo Top-50 Teams,kendall_tau,add_pairs,add,all_pairs,greedy,20,0.45318741287044595,"Add
pairs",0.4545498887251019,-0.0013624758546559312,0.9970025823601512,0.9970025823601512
nba_elo_top50,NBA Elo Top-50 Teams,kendall_tau,add_pairs,add,all_pairs,greedy,21,0.4530866965124338,"Add
pairs",0.4545498887251019,-0.0014631922126681074,0.9967810085340203,0.9967810085340203
nba_elo_top50,NBA Elo Top-50 Teams,kendall_tau,add_pairs,add,all_pairs,greedy,22,0.4529862126590976,"Add
pairs",0.4545498887251019,-0.0015636760660042714,0.9965599462131869,0.9965599462131869
nba_elo_top50,NBA Elo Top-50 Teams,kendall_tau,add_pairs,add,all_pairs,greedy,23,0.452886644427505,"Add
pairs",0.4545498887251019,-0.0016632442975968997,0.9963408982405388,0.9963408982405388
nba_elo_top50,NBA Elo Top-50 Teams,kendall_tau,add_pairs,add,all_pairs,greedy,24,0.4527888971843153,"Add
pairs",0.4545498887251019,-0.0017609915407865717,0.9961258564032967,0.9961258564032967
nba_elo_top50,NBA Elo Top-50 Teams,kendall_tau,add_pairs,add,all_pairs,greedy,25,0.45270027973942334,"Add
pairs",0.4545498887251019,-0.0018496089856785414,0.9959308999263728,0.9959308999263728
nba_elo_top50,NBA Elo Top-50 Teams,kendall_tau,add_pairs,add,all_pairs,random,0,0.4545498887251019,"Add
pairs",0.4545498887251019,0.0,1.0,1.0
nba_elo_top50,NBA Elo Top-50 Teams,kendall_tau,add_pairs,add,all_pairs,random,1,0.45455144661470653,"Add
pairs",0.4545498887251019,1.5578896046530843e-06,1.000003427323696,1.000003427323696
nba_elo_top50,NBA Elo Top-50 Teams,kendall_tau,add_pairs,add,all_pairs,random,2,0.4545395535051211,"Add
pairs",0.4545498887251019,-1.0335219980783794e-05,0.9999772627378487,0.9999772627378487
nba_elo_top50,NBA Elo Top-50 Teams,kendall_tau,add_pairs,add,all_pairs,random,3,0.4545169304203168,"Add
pairs",0.4545498887251019,-3.29583047850579e-05,0.9999274924367983,0.9999274924367983
nba_elo_top50,NBA Elo Top-50 Teams,kendall_tau,add_pairs,add,all_pairs,random,4,0.4545584297400989,"Add
pairs",0.4545498887251019,8.541014997032192e-06,1.0000187900496929,1.0000187900496929
nba_elo_top50,NBA Elo Top-50 Teams,kendall_tau,add_pairs,add,all_pairs,random,5,0.45457707377424905,"Add
pairs",0.4545498887251019,2.718504914717146e-05,1.0000598065246995,1.0000598065246995
nba_elo_top50,NBA Elo Top-50 Teams,kendall_tau,add_pairs,add,all_pairs,random,6,0.4546084585939562,"Add
pairs",0.4545498887251019,5.856986885433013e-05,1.0001288524544987,1.0001288524544987
nba_elo_top50,NBA Elo Top-50 Teams,kendall_tau,add_pairs,add,all_pairs,random,7,0.45463826788832473,"Add
pairs",0.4545498887251019,8.837916322285144e-05,1.0001944322623657,1.0001944322623657
nba_elo_top50,NBA Elo Top-50 Teams,kendall_tau,add_pairs,add,all_pairs,random,8,0.4546591694509895,"Add
pairs",0.4545498887251019,0.00010928072588761717,1.000240415251655,1.000240415251655
nba_elo_top50,NBA Elo Top-50 Teams,kendall_tau,add_pairs,add,all_pairs,random,9,0.4546920058544919,"Add
pairs",0.4545498887251019,0.00014211712938999588,1.000312654634651,1.000312654634651
nba_elo_top50,NBA Elo Top-50 Teams,kendall_tau,add_pairs,add,all_pairs,random,10,0.45470244541483423,"Add
pairs",0.4545498887251019,0.0001525566897323527,1.0003356214433585,1.0003356214433585
nba_elo_top50,NBA Elo Top-50 Teams,kendall_tau,add_pairs,add,all_pairs,random,11,0.4547162923350275,"Add
pairs",0.4545498887251019,0.00016640360992564718,1.000366084370612,1.000366084370612
nba_elo_top50,NBA Elo Top-50 Teams,kendall_tau,add_pairs,add,all_pairs,random,12,0.4547301163116921,"Add
pairs",0.4545498887251019,0.0001802275865901981,1.0003964968225945,1.0003964968225945
nba_elo_top50,NBA Elo Top-50 Teams,kendall_tau,add_pairs,add,all_pairs,random,13,0.4547466274008815,"Add
pairs",0.4545498887251019,0.00019673867577962856,1.000432820864463,1.000432820864463
nba_elo_top50,NBA Elo Top-50 Teams,kendall_tau,add_pairs,add,all_pairs,random,14,0.4548001080627316,"Add
pairs",0.4545498887251019,0.00025021933762969795,1.0005504771727731,1.0005504771727731
nba_elo_top50,NBA Elo Top-50 Teams,kendall_tau,add_pairs,add,all_pairs,random,15,0.4548354161499981,"Add
pairs",0.4545498887251019,0.00028552742489623695,1.0006281542070048,1.0006281542070048
nba_elo_top50,NBA Elo Top-50 Teams,kendall_tau,add_pairs,add,all_pairs,random,16,0.454825799163199,"Add
pairs",0.4545498887251019,0.00027591043809710447,1.000606997042439,1.000606997042439
nba_elo_top50,NBA Elo Top-50 Teams,kendall_tau,add_pairs,add,all_pairs,random,17,0.4549428441639551,"Add
pairs",0.4545498887251019,0.00039295543885320416,1.0008644935321738,1.0008644935321738
nba_elo_top50,NBA Elo Top-50 Teams,kendall_tau,add_pairs,add,all_pairs,random,18,0.45497364036933,"Add
pairs",0.4545498887251019,0.00042375164422814304,1.0009322445230746,1.0009322445230746
nba_elo_top50,NBA Elo Top-50 Teams,kendall_tau,add_pairs,add,all_pairs,random,19,0.45501210567590133,"Add
pairs",0.4545498887251019,0.00046221695079945446,1.001016867372019,1.001016867372019
nba_elo_top50,NBA Elo Top-50 Teams,kendall_tau,add_pairs,add,all_pairs,random,20,0.45501148884261594,"Add
pairs",0.4545498887251019,0.0004616001175140605,1.0010155103520293,1.0010155103520293
nba_elo_top50,NBA Elo Top-50 Teams,kendall_tau,add_pairs,add,all_pairs,random,21,0.45502640102570685,"Add
pairs",0.4545498887251019,0.00047651230060496985,1.0010483168347954,1.0010483168347954
nba_elo_top50,NBA Elo Top-50 Teams,kendall_tau,add_pairs,add,all_pairs,random,22,0.45507058851676246,"Add
pairs",0.4545498887251019,0.0005206997916605838,1.0011455283668005,1.0011455283668005
nba_elo_top50,NBA Elo Top-50 Teams,kendall_tau,add_pairs,add,all_pairs,random,23,0.45511692209713267,"Add
pairs",0.4545498887251019,0.0005670333720307896,1.0012474612492397,1.0012474612492397
nba_elo_top50,NBA Elo Top-50 Teams,kendall_tau,add_pairs,add,all_pairs,random,24,0.45513005934426864,"Add
pairs",0.4545498887251019,0.0005801706191667644,1.0012763629109975,1.0012763629109975
nba_elo_top50,NBA Elo Top-50 Teams,kendall_tau,add_pairs,add,all_pairs,random,25,0.4551305076165105,"Add
pairs",0.4545498887251019,0.0005806188914086463,1.001277349100309,1.001277349100309
nba_elo_top50,NBA Elo Top-50 Teams,kendall_tau,add_outcomes,add,all_outcomes,greedy,0,0.4545498887251019,"Add
outcomes",0.4545498887251019,0.0,1.0,1.0
nba_elo_top50,NBA Elo Top-50 Teams,kendall_tau,add_outcomes,add,all_outcomes,greedy,1,0.4541848044545946,"Add
outcomes",0.4545498887251019,-0.00036508427050729875,0.9991968224400378,0.9991968224400378
nba_elo_top50,NBA Elo Top-50 Teams,kendall_tau,add_outcomes,add,all_outcomes,greedy,2,0.45383052134037605,"Add
outcomes",0.4545498887251019,-0.0007193673847258331,0.9984174071921049,0.9984174071921049
nba_elo_top50,NBA Elo Top-50 Teams,kendall_tau,add_outcomes,add,all_outcomes,greedy,3,0.45348632203185224,"Add
outcomes",0.4545498887251019,-0.0010635666932496401,0.9976601761002897,0.9976601761002897
nba_elo_top50,NBA Elo Top-50 Teams,kendall_tau,add_outcomes,add,all_outcomes,greedy,4,0.4531432870817364,"Add
outcomes",0.4545498887251019,-0.0014066016433654793,0.9969055065719834,0.9969055065719834
nba_elo_top50,NBA Elo Top-50 Teams,kendall_tau,add_outcomes,add,all_outcomes,greedy,5,0.4528025943182806,"Add
outcomes",0.4545498887251019,-0.0017472944068212537,0.9961559898040632,0.9961559898040632
nba_elo_top50,NBA Elo Top-50 Teams,kendall_tau,add_outcomes,add,all_outcomes,greedy,6,0.4524736160063716,"Add
outcomes",0.4545498887251019,-0.0020762727187302876,0.9954322445781393,0.9954322445781393
nba_elo_top50,NBA Elo Top-50 Teams,kendall_tau,add_outcomes,add,all_outcomes,greedy,7,0.45215407996934937,"Add
outcomes",0.4545498887251019,-0.0023958087557525154,0.9947292721543236,0.9947292721543236
nba_elo_top50,NBA Elo Top-50 Teams,kendall_tau,add_outcomes,add,all_outcomes,greedy,8,0.45191295357215383,"Add
outcomes",0.4545498887251019,-0.00263693515294805,0.99419879925536,0.99419879925536
nba_elo_top50,NBA Elo Top-50 Teams,kendall_tau,add_outcomes,add,all_outcomes,greedy,9,0.4515984113382018,"Add
outcomes",0.4545498887251019,-0.002951477386900103,0.9935068130911257,0.9935068130911257
nba_elo_top50,NBA Elo Top-50 Teams,kendall_tau,add_outcomes,add,all_outcomes,greedy,10,0.4513644719026146,"Add
outcomes",0.4545498887251019,-0.003185416822487297,0.9929921513534596,0.9929921513534596
nba_elo_top50,NBA Elo Top-50 Teams,kendall_tau,add_outcomes,add,all_outcomes,greedy,11,0.45105345798896324,"Add
outcomes",0.4545498887251019,-0.003496430736138645,0.9923079274181646,0.9923079274181646
nba_elo_top50,NBA Elo Top-50 Teams,kendall_tau,add_outcomes,add,all_outcomes,greedy,12,0.4508264499768209,"Add
outcomes",0.4545498887251019,-0.0037234387482809606,0.9918085146633205,0.9918085146633205
nba_elo_top50,NBA Elo Top-50 Teams,kendall_tau,add_outcomes,add,all_outcomes,greedy,13,0.4505934090647198,"Add
outcomes",0.4545498887251019,-0.003956479660382095,0.9912958296580403,0.9912958296580403
nba_elo_top50,NBA Elo Top-50 Teams,kendall_tau,add_outcomes,add,all_outcomes,greedy,14,0.4502915243255889,"Add
outcomes",0.4545498887251019,-0.004258364399512993,0.9906316897107672,0.9906316897107672
nba_elo_top50,NBA Elo Top-50 Teams,kendall_tau,add_outcomes,add,all_outcomes,greedy,15,0.45007461091754736,"Add
outcomes",0.4545498887251019,-0.004475277807554523,0.9901544848683023,0.9901544848683023
nba_elo_top50,NBA Elo Top-50 Teams,kendall_tau,add_outcomes,add,all_outcomes,greedy,16,0.4497799047804605,"Add
outcomes",0.4545498887251019,-0.004769983944641398,0.9895061376914644,0.9895061376914644
nba_elo_top50,NBA Elo Top-50 Teams,kendall_tau,add_outcomes,add,all_outcomes,greedy,17,0.44948862634295206,"Add
outcomes",0.4545498887251019,-0.005061262382149823,0.9888653313801365,0.9888653313801365
nba_elo_top50,NBA Elo Top-50 Teams,kendall_tau,add_outcomes,add,all_outcomes,greedy,18,0.44921210218284013,"Add
outcomes",0.4545498887251019,-0.0053377865422617465,0.9882569841624361,0.9882569841624361
nba_elo_top50,NBA Elo Top-50 Teams,kendall_tau,add_outcomes,add,all_outcomes,greedy,19,0.4490391165332202,"Add
outcomes",0.4545498887251019,-0.005510772191881674,0.9878764194457554,0.9878764194457554
nba_elo_top50,NBA Elo Top-50 Teams,kendall_tau,add_outcomes,add,all_outcomes,greedy,20,0.4488625509720132,"Add
outcomes",0.4545498887251019,-0.0056873377530886615,0.9874879790004124,0.9874879790004124
nba_elo_top50,NBA Elo Top-50 Teams,kendall_tau,add_outcomes,add,all_outcomes,greedy,21,0.4486215418187811,"Add
outcomes",0.4545498887251019,-0.0059283469063207694,0.9869577640356523,0.9869577640356523
nba_elo_top50,NBA Elo Top-50 Teams,kendall_tau,add_outcomes,add,all_outcomes,greedy,22,0.448455304795777,"Add
outcomes",0.4545498887251019,-0.006094583929324882,0.9865920461526926,0.9865920461526926
nba_elo_top50,NBA Elo Top-50 Teams,kendall_tau,add_outcomes,add,all_outcomes,greedy,23,0.4482229562120679,"Add
outcomes",0.4545498887251019,-0.006326932513033956,0.9860808842550167,0.9860808842550167
nba_elo_top50,NBA Elo Top-50 Teams,kendall_tau,add_outcomes,add,all_outcomes,greedy,24,0.4480457684124476,"Add
outcomes",0.4545498887251019,-0.0065041203126542935,0.9856910748985184,0.9856910748985184
nba_elo_top50,NBA Elo Top-50 Teams,kendall_tau,add_outcomes,add,all_outcomes,greedy,25,0.4478803308816864,"Add
outcomes",0.4545498887251019,-0.006669557843415497,0.985327115881335,0.985327115881335
nba_elo_top50,NBA Elo Top-50 Teams,kendall_tau,add_outcomes,add,all_outcomes,random,0,0.4545498887251019,"Add
outcomes",0.4545498887251019,0.0,1.0,1.0
nba_elo_top50,NBA Elo Top-50 Teams,kendall_tau,add_outcomes,add,all_outcomes,random,1,0.45456486830916676,"Add
outcomes",0.4545498887251019,1.4979584064878093e-05,1.0000329547634625,1.0000329547634625
nba_elo_top50,NBA Elo Top-50 Teams,kendall_tau,add_outcomes,add,all_outcomes,random,2,0.45454503714134403,"Add
outcomes",0.4545498887251019,-4.851583757847777e-06,0.9999893266198536,0.9999893266198536
nba_elo_top50,NBA Elo Top-50 Teams,kendall_tau,add_outcomes,add,all_outcomes,random,3,0.45458379129822885,"Add
outcomes",0.4545498887251019,3.3902573126964874e-05,1.0000745849332888,1.0000745849332888
nba_elo_top50,NBA Elo Top-50 Teams,kendall_tau,add_outcomes,add,all_outcomes,random,4,0.4544418706041551,"Add
outcomes",0.4545498887251019,-0.00010801812094679564,0.9997623624521177,0.9997623624521177
nba_elo_top50,NBA Elo Top-50 Teams,kendall_tau,add_outcomes,add,all_outcomes,random,5,0.45437407629924065,"Add
outcomes",0.4545498887251019,-0.00017581242586123258,0.9996132164362544,0.9996132164362544
nba_elo_top50,NBA Elo Top-50 Teams,kendall_tau,add_outcomes,add,all_outcomes,random,6,0.4544167618712209,"Add
outcomes",0.4545498887251019,-0.00013312685388100487,0.9997071237785266,0.9997071237785266
nba_elo_top50,NBA Elo Top-50 Teams,kendall_tau,add_outcomes,add,all_outcomes,random,7,0.45455654691190694,"Add
outcomes",0.4545498887251019,6.658186805064137e-06,1.0000146478680783,1.0000146478680783
nba_elo_top50,NBA Elo Top-50 Teams,kendall_tau,add_outcomes,add,all_outcomes,random,8,0.4545268202015707,"Add
outcomes",0.4545498887251019,-2.306852353117783e-05,0.9999492497433101,0.9999492497433101
nba_elo_top50,NBA Elo Top-50 Teams,kendall_tau,add_outcomes,add,all_outcomes,random,9,0.4545282078387813,"Add
outcomes",0.4545498887251019,-2.1680886320596393e-05,0.9999523025153929,0.9999523025153929
nba_elo_top50,NBA Elo Top-50 Teams,kendall_tau,add_outcomes,add,all_outcomes,random,10,0.45455847897038126,"Add
outcomes",0.4545498887251019,8.590245279382902e-06,1.0000188983552576,1.0000188983552576
nba_elo_top50,NBA Elo Top-50 Teams,kendall_tau,add_outcomes,add,all_outcomes,random,11,0.45451417200343947,"Add
outcomes",0.4545498887251019,-3.571672166241546e-05,0.9999214239788671,0.9999214239788671
nba_elo_top50,NBA Elo Top-50 Teams,kendall_tau,add_outcomes,add,all_outcomes,random,12,0.4545141063248812,"Add
outcomes",0.4545498887251019,-3.578240022067414e-05,0.9999212794874485,0.9999212794874485
nba_elo_top50,NBA Elo Top-50 Teams,kendall_tau,add_outcomes,add,all_outcomes,random,13,0.45453240511403065,"Add
outcomes",0.4545498887251019,-1.7483611071233973e-05,0.9999615364308629,0.9999615364308629
nba_elo_top50,NBA Elo Top-50 Teams,kendall_tau,add_outcomes,add,all_outcomes,random,14,0.4545694355644955,"Add
outcomes",0.4545498887251019,1.9546839393647097e-05,1.000043002627167,1.000043002627167
nba_elo_top50,NBA Elo Top-50 Teams,kendall_tau,add_outcomes,add,all_outcomes,random,15,0.454457075291828,"Add
outcomes",0.4545498887251019,-9.281343327388614e-05,0.999795812438687,0.999795812438687
nba_elo_top50,NBA Elo Top-50 Teams,kendall_tau,add_outcomes,add,all_outcomes,random,16,0.454459767997199,"Add
outcomes",0.4545498887251019,-9.012072790287595e-05,0.9998017363327144,0.9998017363327144
nba_elo_top50,NBA Elo Top-50 Teams,kendall_tau,add_outcomes,add,all_outcomes,random,17,0.45444631630393945,"Add
outcomes",0.4545498887251019,-0.00010357242116243448,0.9997721428962332,0.9997721428962332
nba_elo_top50,NBA Elo Top-50 Teams,kendall_tau,add_outcomes,add,all_outcomes,random,18,0.45435799130895943,"Add
outcomes",0.4545498887251019,-0.00019189741614245026,0.9995778298028393,0.9995778298028393
nba_elo_top50,NBA Elo Top-50 Teams,kendall_tau,add_outcomes,add,all_outcomes,random,19,0.45435770698590217,"Add
outcomes",0.4545498887251019,-0.00019218173919971493,0.9995772042982153,0.9995772042982153
nba_elo_top50,NBA Elo Top-50 Teams,kendall_tau,add_outcomes,add,all_outcomes,random,20,0.4543637929241585,"Add
outcomes",0.4545498887251019,-0.00018609580094336442,0.9995905932317676,0.9995905932317676
nba_elo_top50,NBA Elo Top-50 Teams,kendall_tau,add_outcomes,add,all_outcomes,random,21,0.4542822069480788,"Add
outcomes",0.4545498887251019,-0.0002676817770230766,0.9994111058353268,0.9994111058353268
nba_elo_top50,NBA Elo Top-50 Teams,kendall_tau,add_outcomes,add,all_outcomes,random,22,0.4543001829240481,"Add
outcomes",0.4545498887251019,-0.00024970580105376783,0.9994506525966729,0.9994506525966729
nba_elo_top50,NBA Elo Top-50 Teams,kendall_tau,add_outcomes,add,all_outcomes,random,23,0.45430601981834645,"Add
outcomes",0.4545498887251019,-0.00024386890675542894,0.9994634936388623,0.9994634936388623
nba_elo_top50,NBA Elo Top-50 Teams,kendall_tau,add_outcomes,add,all_outcomes,random,24,0.45431538706874425,"Add
outcomes",0.4545498887251019,-0.00023450165635763298,0.9994841013887049,0.9994841013887049
nba_elo_top50,NBA Elo Top-50 Teams,kendall_tau,add_outcomes,add,all_outcomes,random,25,0.4543213668157641,"Add
outcomes",0.4545498887251019,-0.0002285219093377533,0.999497256703816,0.999497256703816
nba_elo_top50,NBA Elo Top-50 Teams,kendall_tau,add_weighted,add,weighted,greedy,0,0.4545498887251019,"Add
weighted",0.4545498887251019,0.0,1.0,1.0
nba_elo_top50,NBA Elo Top-50 Teams,kendall_tau,add_weighted,add,weighted,greedy,1,0.4544017819490639,"Add
weighted",0.4545498887251019,-0.00014810677603799283,0.9996741682712685,0.9996741682712685
nba_elo_top50,NBA Elo Top-50 Teams,kendall_tau,add_weighted,add,weighted,greedy,2,0.4542379048024026,"Add
weighted",0.4545498887251019,-0.000311983922699266,0.9993136420656172,0.9993136420656172
nba_elo_top50,NBA Elo Top-50 Teams,kendall_tau,add_weighted,add,weighted,greedy,3,0.45409668694960786,"Add
weighted",0.4545498887251019,-0.0004532017754940165,0.9990029658201762,0.9990029658201762
nba_elo_top50,NBA Elo Top-50 Teams,kendall_tau,add_weighted,add,weighted,greedy,4,0.45389227921979974,"Add
weighted",0.4545498887251019,-0.0006576095053021369,0.9985532732014376,0.9985532732014376
nba_elo_top50,NBA Elo Top-50 Teams,kendall_tau,add_weighted,add,weighted,greedy,5,0.4537515190183373,"Add
weighted",0.4545498887251019,-0.0007983697067645568,0.998243603779106,0.998243603779106
nba_elo_top50,NBA Elo Top-50 Teams,kendall_tau,add_weighted,add,weighted,greedy,6,0.4535550304685928,"Add
weighted",0.4545498887251019,-0.0009948582565090791,0.997811333186552,0.997811333186552
nba_elo_top50,NBA Elo Top-50 Teams,kendall_tau,add_weighted,add,weighted,greedy,7,0.45342349935145193,"Add
weighted",0.4545498887251019,-0.0011263893736499497,0.9975219675516604,0.9975219675516604
nba_elo_top50,NBA Elo Top-50 Teams,kendall_tau,add_weighted,add,weighted,greedy,8,0.45322858030993185,"Add
weighted",0.4545498887251019,-0.0013213084151700305,0.9970931498435167,0.9970931498435167
nba_elo_top50,NBA Elo Top-50 Teams,kendall_tau,add_weighted,add,weighted,greedy,9,0.4530934164589836,"Add
weighted",0.4545498887251019,-0.0014564722661182805,0.9967957922722117,0.9967957922722117
nba_elo_top50,NBA Elo Top-50 Teams,kendall_tau,add_weighted,add,weighted,greedy,10,0.4529017108342189,"Add
weighted",0.4545498887251019,-0.001648177890883007,0.9963740440119659,0.9963740440119659
nba_elo_top50,NBA Elo Top-50 Teams,kendall_tau,add_weighted,add,weighted,greedy,11,0.45277679636692686,"Add
weighted",0.4545498887251019,-0.0017730923581750213,0.9960992348647404,0.9960992348647404
nba_elo_top50,NBA Elo Top-50 Teams,kendall_tau,add_weighted,add,weighted,greedy,12,0.4525872151918434,"Add
weighted",0.4545498887251019,-0.0019626735332584633,0.9956821603482001,0.9956821603482001
nba_elo_top50,NBA Elo Top-50 Teams,kendall_tau,add_weighted,add,weighted,greedy,13,0.45241181992908797,"Add
weighted",0.4545498887251019,-0.0021380687960139144,0.9952962945343344,0.9952962945343344
nba_elo_top50,NBA Elo Top-50 Teams,kendall_tau,add_weighted,add,weighted,greedy,14,0.45229794770143533,"Add
weighted",0.4545498887251019,-0.0022519410236665482,0.9950457780773356,0.9950457780773356
nba_elo_top50,NBA Elo Top-50 Teams,kendall_tau,add_weighted,add,weighted,greedy,15,0.4521295518975842,"Add
weighted",0.4545498887251019,-0.0024203368275176884,0.9946753109228426,0.9946753109228426
nba_elo_top50,NBA Elo Top-50 Teams,kendall_tau,add_weighted,add,weighted,greedy,16,0.45196340249583206,"Add
weighted",0.4545498887251019,-0.0025864862292698243,0.9943097858047567,0.9943097858047567
nba_elo_top50,NBA Elo Top-50 Teams,kendall_tau,add_weighted,add,weighted,greedy,17,0.45179922988407756,"Add
weighted",0.4545498887251019,-0.0027506588410243227,0.9939486095822414,0.9939486095822414
nba_elo_top50,NBA Elo Top-50 Teams,kendall_tau,add_weighted,add,weighted,greedy,18,0.45169266735827834,"Add
weighted",0.4545498887251019,-0.002857221366823537,0.9937141743124449,0.9937141743124449
nba_elo_top50,NBA Elo Top-50 Teams,kendall_tau,add_weighted,add,weighted,greedy,19,0.45153340106344975,"Add
weighted",0.4545498887251019,-0.003016487661652134,0.9933637918818711,0.9933637918818711
nba_elo_top50,NBA Elo Top-50 Teams,kendall_tau,add_weighted,add,weighted,greedy,20,0.45137429797405293,"Add
weighted",0.4545498887251019,-0.003175590751048951,0.9930137684997444,0.9930137684997444
nba_elo_top50,NBA Elo Top-50 Teams,kendall_tau,add_weighted,add,weighted,greedy,21,0.4512173312478704,"Add
weighted",0.4545498887251019,-0.0033325574772314903,0.9926684450708404,0.9926684450708404
nba_elo_top50,NBA Elo Top-50 Teams,kendall_tau,add_weighted,add,weighted,greedy,22,0.4510544709501851,"Add
weighted",0.4545498887251019,-0.003495417774916798,0.9923101559111134,0.9923101559111134
nba_elo_top50,NBA Elo Top-50 Teams,kendall_tau,add_weighted,add,weighted,greedy,23,0.4508926299402413,"Add
weighted",0.4545498887251019,-0.003657258784860562,0.9919541091625427,0.9919541091625427
nba_elo_top50,NBA Elo Top-50 Teams,kendall_tau,add_weighted,add,weighted,greedy,24,0.45073654975593225,"Add
weighted",0.4545498887251019,-0.003813338969169633,0.9916107361067339,0.9916107361067339
nba_elo_top50,NBA Elo Top-50 Teams,kendall_tau,add_weighted,add,weighted,greedy,25,0.4505954042331692,"Add
weighted",0.4545498887251019,-0.003954484491932697,0.9913002189858102,0.9913002189858102
nba_elo_top50,NBA Elo Top-50 Teams,kendall_tau,add_weighted,add,weighted,random,0,0.4545498887251019,"Add
weighted",0.4545498887251019,0.0,1.0,1.0
nba_elo_top50,NBA Elo Top-50 Teams,kendall_tau,add_weighted,add,weighted,random,1,0.4544883736745007,"Add
weighted",0.4545498887251019,-6.151505060120188e-05,0.9998646682088654,0.9998646682088654
nba_elo_top50,NBA Elo Top-50 Teams,kendall_tau,add_weighted,add,weighted,random,2,0.45431709237502815,"Add
weighted",0.4545498887251019,-0.00023279635007372734,0.9994878530259315,0.9994878530259315
nba_elo_top50,NBA Elo Top-50 Teams,kendall_tau,add_weighted,add,weighted,random,3,0.4542427825084888,"Add
weighted",0.4545498887251019,-0.00030710621661306226,0.9993243729143254,0.9993243729143254
nba_elo_top50,NBA Elo Top-50 Teams,kendall_tau,add_weighted,add,weighted,random,4,0.4542012497453214,"Add
weighted",0.4545498887251019,-0.0003486389797804912,0.9992330017267008,0.9992330017267008
nba_elo_top50,NBA Elo Top-50 Teams,kendall_tau,add_weighted,add,weighted,random,5,0.45401141181775345,"Add
weighted",0.4545498887251019,-0.0005384769073484286,0.9988153623602049,0.9988153623602049
nba_elo_top50,NBA Elo Top-50 Teams,kendall_tau,add_weighted,add,weighted,random,6,0.45404340202771853,"Add
weighted",0.4545498887251019,-0.000506486697383346,0.9988857401355792,0.9988857401355792
nba_elo_top50,NBA Elo Top-50 Teams,kendall_tau,add_weighted,add,weighted,random,7,0.45414441169128,"Add
weighted",0.4545498887251019,-0.00040547703382187716,0.9991079592276237,0.9991079592276237
nba_elo_top50,NBA Elo Top-50 Teams,kendall_tau,add_weighted,add,weighted,random,8,0.454165272890623,"Add
weighted",0.4545498887251019,-0.00038461583447890746,0.9991538534184715,0.9991538534184715
nba_elo_top50,NBA Elo Top-50 Teams,kendall_tau,add_weighted,add,weighted,random,9,0.45420946611560487,"Add
weighted",0.4545498887251019,-0.0003404226094970153,0.9992510775649911,0.9992510775649911
nba_elo_top50,NBA Elo Top-50 Teams,kendall_tau,add_weighted,add,weighted,random,10,0.45421000545715595,"Add
weighted",0.4545498887251019,-0.0003398832679459285,0.9992522641048286,0.9992522641048286
nba_elo_top50,NBA Elo Top-50 Teams,kendall_tau,add_weighted,add,weighted,random,11,0.45422692321000846,"Add
weighted",0.4545498887251019,-0.00032296551509342075,0.9992894827980285,0.9992894827980285
nba_elo_top50,NBA Elo Top-50 Teams,kendall_tau,add_weighted,add,weighted,random,12,0.45425378644517167,"Add
weighted",0.4545498887251019,-0.00029610227993021043,0.9993485813388697,0.9993485813388697
nba_elo_top50,NBA Elo Top-50 Teams,kendall_tau,add_weighted,add,weighted,random,13,0.4540057253994854,"Add
weighted",0.4545498887251019,-0.0005441633256164646,0.9988028523620527,0.9988028523620527
nba_elo_top50,NBA Elo Top-50 Teams,kendall_tau,add_weighted,add,weighted,random,14,0.454022285376418,"Add
weighted",0.4545498887251019,-0.0005276033486839027,0.998839283955907,0.998839283955907
nba_elo_top50,NBA Elo Top-50 Teams,kendall_tau,add_weighted,add,weighted,random,15,0.4540280166952139,"Add
weighted",0.4545498887251019,-0.0005218720298879598,0.998851892734257,0.998851892734257
nba_elo_top50,NBA Elo Top-50 Teams,kendall_tau,add_weighted,add,weighted,random,16,0.45396171528790336,"Add
weighted",0.4545498887251019,-0.0005881734371985248,0.9987060310610829,0.9987060310610829
nba_elo_top50,NBA Elo Top-50 Teams,kendall_tau,add_weighted,add,weighted,random,17,0.453876736612014,"Add
weighted",0.4545498887251019,-0.0006731521130878826,0.9985190797978724,0.9985190797978724
nba_elo_top50,NBA Elo Top-50 Teams,kendall_tau,add_weighted,add,weighted,random,18,0.45389201660664574,"Add
weighted",0.4545498887251019,-0.0006578721184561376,0.9985526954581349,0.9985526954581349
nba_elo_top50,NBA Elo Top-50 Teams,kendall_tau,add_weighted,add,weighted,random,19,0.4538843775134199,"Add
weighted",0.4545498887251019,-0.0006655112116819573,0.9985358896169824,0.9985358896169824
nba_elo_top50,NBA Elo Top-50 Teams,kendall_tau,add_weighted,add,weighted,random,20,0.453893024332144,"Add
weighted",0.4545498887251019,-0.0006568643929578677,0.9985549124326041,0.9985549124326041
nba_elo_top50,NBA Elo Top-50 Teams,kendall_tau,add_weighted,add,weighted,random,21,0.45392927760255997,"Add
weighted",0.4545498887251019,-0.0006206111225419142,0.9986346688494797,0.9986346688494797
nba_elo_top50,NBA Elo Top-50 Teams,kendall_tau,add_weighted,add,weighted,random,22,0.45395420816345283,"Add
weighted",0.4545498887251019,-0.0005956805616490479,0.9986895155484038,0.9986895155484038
nba_elo_top50,NBA Elo Top-50 Teams,kendall_tau,add_weighted,add,weighted,random,23,0.45392901673214475,"Add
weighted",0.4545498887251019,-0.0006208719929571282,0.9986340949401649,0.9986340949401649
nba_elo_top50,NBA Elo Top-50 Teams,kendall_tau,add_weighted,add,weighted,random,24,0.4539438696911959,"Add
weighted",0.4545498887251019,-0.0006060190339060023,0.9986667711313146,0.9986667711313146
nba_elo_top50,NBA Elo Top-50 Teams,kendall_tau,add_weighted,add,weighted,random,25,0.4539459197732366,"Add
weighted",0.4545498887251019,-0.0006039689518652636,0.998671281267807,0.998671281267807
nba_elo_top50,NBA Elo Top-50 Teams,trace_uncertainty,drop,drop,,greedy,0,0.05142185315698416,Drop,0.05142185315698416,0.0,,0.0
nba_elo_top50,NBA Elo Top-50 Teams,trace_uncertainty,drop,drop,,greedy,1,0.0514218101708805,Drop,0.05142185315698416,-4.298610365577327e-08,,-8.359501071371804e-05
nba_elo_top50,NBA Elo Top-50 Teams,trace_uncertainty,drop,drop,,greedy,2,0.05142176735605599,Drop,0.05142185315698416,-8.580092816790064e-08,,-0.00016685693513604358
nba_elo_top50,NBA Elo Top-50 Teams,trace_uncertainty,drop,drop,,greedy,3,0.051421724714307525,Drop,0.05142185315698416,-1.2844267663347786e-07,,-0.0002497822788326186
nba_elo_top50,NBA Elo Top-50 Teams,trace_uncertainty,drop,drop,,greedy,4,0.05142168224742713,Drop,0.05142185315698416,-1.709095570276431e-07,,-0.00033236755685540675
nba_elo_top50,NBA Elo Top-50 Teams,trace_uncertainty,drop,drop,,greedy,5,0.05142163995720133,Drop,0.05142185315698416,-2.131997828280774e-07,,-0.00041460929495715855
nba_elo_top50,NBA Elo Top-50 Teams,trace_uncertainty,drop,drop,,greedy,6,0.05142159784541135,Drop,0.05142185315698416,-2.553115728068378e-07,,-0.0004965040291865895
nba_elo_top50,NBA Elo Top-50 Teams,trace_uncertainty,drop,drop,,greedy,7,0.051421555913832476,Drop,0.05142185315698416,-2.972431516826135e-07,,-0.0005780483071568215
nba_elo_top50,NBA Elo Top-50 Teams,trace_uncertainty,drop,drop,,greedy,8,0.05142151416423383,Drop,0.05142185315698416,-3.3899275032889253e-07,,-0.0006592386884502046
nba_elo_top50,NBA Elo Top-50 Teams,trace_uncertainty,drop,drop,,greedy,9,0.051421472598378405,Drop,0.05142185315698416,-3.8055860575314515e-07,,-0.000740071744577835
nba_elo_top50,NBA Elo Top-50 Teams,trace_uncertainty,drop,drop,,greedy,10,0.05142143121802237,Drop,0.05142185315698416,-4.219389617907132e-07,,-0.0008205440603289598
nba_elo_top50,NBA Elo Top-50 Teams,trace_uncertainty,drop,drop,,greedy,11,0.05142139002491513,Drop,0.05142185315698416,-4.6313206902848236e-07,,-0.0009006522336225438
nba_elo_top50,NBA Elo Top-50 Teams,trace_uncertainty,drop,drop,,greedy,12,0.05142134902079878,Drop,0.05142185315698416,-5.041361853808102e-07,,-0.000980392876627275
nba_elo_top50,NBA Elo Top-50 Teams,trace_uncertainty,drop,drop,,greedy,13,0.05142130820740799,Drop,0.05142185315698416,-5.44949576165854e-07,,-0.0010597626159099996
nba_elo_top50,NBA Elo Top-50 Teams,trace_uncertainty,drop,drop,,greedy,14,0.051421267586469796,Drop,0.05142185315698416,-5.855705143623102e-07,,-0.0011387580929350025
nba_elo_top50,NBA Elo Top-50 Teams,trace_uncertainty,drop,drop,,greedy,15,0.05142122715970303,Drop,0.05142185315698416,-6.259972811298309e-07,,-0.001217375965076061
nba_elo_top50,NBA Elo Top-50 Teams,trace_uncertainty,drop,drop,,greedy,16,0.05142118692881836,Drop,0.05142185315698416,-6.662281657951463e-07,,-0.001295612905589457
nba_elo_top50,NBA Elo Top-50 Teams,trace_uncertainty,drop,drop,,greedy,17,0.05142114689551771,Drop,0.05142185315698416,-7.062614664488098e-07,,-0.001373465604774465
nba_elo_top50,NBA Elo Top-50 Teams,trace_uncertainty,drop,drop,,greedy,18,0.05142110706149425,Drop,0.05142185315698416,-7.460954899105032e-07,,-0.0014509307699058836
nba_elo_top50,NBA Elo Top-50 Teams,trace_uncertainty,drop,drop,,greedy,19,0.05142106742843181,Drop,0.05142185315698416,-7.857285523465984e-07,,-0.001528005126435005
nba_elo_top50,NBA Elo Top-50 Teams,trace_uncertainty,drop,drop,,greedy,20,0.051421027998004874,Drop,0.05142185315698416,-8.251589792840353e-07,,-0.0016046854180166035
nba_elo_top50,NBA Elo Top-50 Teams,trace_uncertainty,drop,drop,,greedy,21,0.05142098877187805,Drop,0.05142185315698416,-8.643851061099217e-07,,-0.0016809684074805076
nba_elo_top50,NBA Elo Top-50 Teams,trace_uncertainty,drop,drop,,greedy,22,0.051420949751706004,Drop,0.05142185315698416,-9.034052781548008e-07,,-0.0017568508769935287
nba_elo_top50,NBA Elo Top-50 Teams,trace_uncertainty,drop,drop,,greedy,23,0.05142091093913285,Drop,0.05142185315698416,-9.42217851310212e-07,,-0.0018323296292604328
nba_elo_top50,NBA Elo Top-50 Teams,trace_uncertainty,drop,drop,,greedy,24,0.0514208723357921,Drop,0.05142185315698416,-9.80821192056447e-07,,-0.001907401487577915
nba_elo_top50,NBA Elo Top-50 Teams,trace_uncertainty,drop,drop,,greedy,25,0.05142083394330638,Drop,0.05142185315698416,-1.0192136777817384e-06,,-0.0019820632964553282
nba_elo_top50,NBA Elo Top-50 Teams,trace_uncertainty,drop,drop,,random,0,0.05142185315698416,Drop,0.05142185315698416,0.0,,0.0
nba_elo_top50,NBA Elo Top-50 Teams,trace_uncertainty,drop,drop,,random,1,0.05142361552674721,Drop,0.05142185315698416,1.7623697630489432e-06,,0.003427277810600602
nba_elo_top50,NBA Elo Top-50 Teams,trace_uncertainty,drop,drop,,random,2,0.05142358134736738,Drop,0.05142185315698416,1.7281903832225276e-06,,0.00336080922238759
nba_elo_top50,NBA Elo Top-50 Teams,trace_uncertainty,drop,drop,,random,3,0.05142373922475959,Drop,0.05142185315698416,1.8860677754306554e-06,,0.003667833148044545
nba_elo_top50,NBA Elo Top-50 Teams,trace_uncertainty,drop,drop,,random,4,0.0514238242597159,Drop,0.05142185315698416,1.9711027317431684e-06,,0.003833200498872825
nba_elo_top50,NBA Elo Top-50 Teams,trace_uncertainty,drop,drop,,random,5,0.05142406082697039,Drop,0.05142185315698416,2.2076699862302873e-06,,0.004293252480595285
nba_elo_top50,NBA Elo Top-50 Teams,trace_uncertainty,drop,drop,,random,6,0.05142413846038929,Drop,0.05142185315698416,2.2853034051320553e-06,,0.004444226072824183
nba_elo_top50,NBA Elo Top-50 Teams,trace_uncertainty,drop,drop,,random,7,0.05142517760479398,Drop,0.05142185315698416,3.324447809822939e-06,,0.006465048623731698
nba_elo_top50,NBA Elo Top-50 Teams,trace_uncertainty,drop,drop,,random,8,0.05142546761646944,Drop,0.05142185315698416,3.614459485282162e-06,,0.007029033890022774
nba_elo_top50,NBA Elo Top-50 Teams,trace_uncertainty,drop,drop,,random,9,0.051425543525587085,Drop,0.05142185315698416,3.690368602926597e-06,,0.007176654236206515
nba_elo_top50,NBA Elo Top-50 Teams,trace_uncertainty,drop,drop,,random,10,0.0514260011470849,Drop,0.05142185315698416,4.147990100740462e-06,,0.008066590070329036
nba_elo_top50,NBA Elo Top-50 Teams,trace_uncertainty,drop,drop,,random,11,0.0514261299577225,Drop,0.05142185315698416,4.276800738341191e-06,,0.008317087922297706
nba_elo_top50,NBA Elo Top-50 Teams,trace_uncertainty,drop,drop,,random,12,0.051427538285846425,Drop,0.05142185315698416,5.685128862266409e-06,,0.011055861493187455
nba_elo_top50,NBA Elo Top-50 Teams,trace_uncertainty,drop,drop,,random,13,0.05142829001444709,Drop,0.05142185315698416,6.436857462932544e-06,,0.01251774696505329
nba_elo_top50,NBA Elo Top-50 Teams,trace_uncertainty,drop,drop,,random,14,0.051428359283021835,Drop,0.05142185315698416,6.506126037676696e-06,,0.01265245345751027
nba_elo_top50,NBA Elo Top-50 Teams,trace_uncertainty,drop,drop,,random,15,0.05144958801016971,Drop,0.05142185315698416,2.7734853185551467e-05,,0.053935927009243725
nba_elo_top50,NBA Elo Top-50 Teams,trace_uncertainty,drop,drop,,random,16,0.05145057603583401,Drop,0.05142185315698416,2.872287884984892e-05,,0.05585733902308372
nba_elo_top50,NBA Elo Top-50 Teams,trace_uncertainty,drop,drop,,random,17,0.05145067860319882,Drop,0.05142185315698416,2.8825446214658657e-05,,0.05605680162217872
nba_elo_top50,NBA Elo Top-50 Teams,trace_uncertainty,drop,drop,,random,18,0.0514508730931929,Drop,0.05142185315698416,2.901993620874066e-05,,0.056435026019281354
nba_elo_top50,NBA Elo Top-50 Teams,trace_uncertainty,drop,drop,,random,19,0.051450919627629606,Drop,0.05142185315698416,2.906647064544743e-05,,0.05652552146790843
nba_elo_top50,NBA Elo Top-50 Teams,trace_uncertainty,drop,drop,,random,20,0.051451049515951364,Drop,0.05142185315698416,2.919635896720535e-05,,0.05677811509062636
nba_elo_top50,NBA Elo Top-50 Teams,trace_uncertainty,drop,drop,,random,21,0.05145110592013661,Drop,0.05142185315698416,2.92527631524514e-05,,0.05688780422429849
nba_elo_top50,NBA Elo Top-50 Teams,trace_uncertainty,drop,drop,,random,22,0.05145129922120018,Drop,0.05142185315698416,2.9446064216023804e-05,,0.05726371651003872
nba_elo_top50,NBA Elo Top-50 Teams,trace_uncertainty,drop,drop,,random,23,0.051451300088597544,Drop,0.05142185315698416,2.9446931613386074e-05,,0.0572654033363762
nba_elo_top50,NBA Elo Top-50 Teams,trace_uncertainty,drop,drop,,random,24,0.05145305714073549,Drop,0.05142185315698416,3.120398375133088e-05,,0.06068233996948577
nba_elo_top50,NBA Elo Top-50 Teams,trace_uncertainty,drop,drop,,random,25,0.05145315175556833,Drop,0.05142185315698416,3.129859858417433e-05,,0.060866337291703244
nba_elo_top50,NBA Elo Top-50 Teams,trace_uncertainty,flip,flip,,greedy,0,0.05142185315698416,Flip,0.05142185315698416,0.0,,0.0
nba_elo_top50,NBA Elo Top-50 Teams,trace_uncertainty,flip,flip,,greedy,1,0.0514021782404144,Flip,0.05142185315698416,-1.9674916569754897e-05,,-0.038261780472380026
nba_elo_top50,NBA Elo Top-50 Teams,trace_uncertainty,flip,flip,,greedy,2,0.05138296271452912,Flip,0.05142185315698416,-3.8890442455037644e-05,,-0.07563018457602108
nba_elo_top50,NBA Elo Top-50 Teams,trace_uncertainty,flip,flip,,greedy,3,0.05136420300016106,Flip,0.05142185315698416,-5.7650156823095544e-05,,-0.11211217271205141
nba_elo_top50,NBA Elo Top-50 Teams,trace_uncertainty,flip,flip,,greedy,4,0.051345895610691424,Flip,0.05142185315698416,-7.595754629273477e-05,,-0.1477145253027859
nba_elo_top50,NBA Elo Top-50 Teams,trace_uncertainty,flip,flip,,greedy,5,0.05132803714957699,Flip,0.05142185315698416,-9.381600740716867e-05,,-0.18244384760067034
nba_elo_top50,NBA Elo Top-50 Teams,trace_uncertainty,flip,flip,,greedy,6,0.05131033468086968,Flip,0.05142185315698416,-0.00011151847611447913,,-0.21686981170053882
nba_elo_top50,NBA Elo Top-50 Teams,trace_uncertainty,flip,flip,,greedy,7,0.05129302158422307,Flip,0.05142185315698416,-0.00012883157276109142,,-0.25053856454333834
nba_elo_top50,NBA Elo Top-50 Teams,trace_uncertainty,flip,flip,,greedy,8,0.051275995115909176,Flip,0.05142185315698416,-0.0001458580410749824,,-0.283649911701348
nba_elo_top50,NBA Elo Top-50 Teams,trace_uncertainty,flip,flip,,greedy,9,0.05125926049676496,Flip,0.05142185315698416,-0.00016259266021919488,,-0.3161937002208397
nba_elo_top50,NBA Elo Top-50 Teams,trace_uncertainty,flip,flip,,greedy,10,0.051242865325039945,Flip,0.05142185315698416,-0.00017898783194421342,,-0.3480773658580275
nba_elo_top50,NBA Elo Top-50 Teams,trace_uncertainty,flip,flip,,greedy,11,0.05122670387381521,Flip,0.05142185315698416,-0.00019514928316894525,,-0.37950651559207743
nba_elo_top50,NBA Elo Top-50 Teams,trace_uncertainty,flip,flip,,greedy,12,0.051210934263842836,Flip,0.05142185315698416,-0.00021091889314132223,,-0.4101736522357811
nba_elo_top50,NBA Elo Top-50 Teams,trace_uncertainty,flip,flip,,greedy,13,0.05119534092519792,Flip,0.05142185315698416,-0.00022651223178624114,,-0.4404979942957891
nba_elo_top50,NBA Elo Top-50 Teams,trace_uncertainty,flip,flip,,greedy,14,0.05118012437376479,Flip,0.05142185315698416,-0.00024172878321936792,,-0.47008959883534673
nba_elo_top50,NBA Elo Top-50 Teams,trace_uncertainty,flip,flip,,greedy,15,0.051165161357548894,Flip,0.05142185315698416,-0.0002566917994352644,,-0.49918815382171866
nba_elo_top50,NBA Elo Top-50 Teams,trace_uncertainty,flip,flip,,greedy,16,0.05115050503129014,Flip,0.05142185315698416,-0.00027134812569401534,,-0.5276902893126492
nba_elo_top50,NBA Elo Top-50 Teams,trace_uncertainty,flip,flip,,greedy,17,0.05113615533961836,Flip,0.05142185315698416,-0.00028569781736580147,,-0.5555961129864448
nba_elo_top50,NBA Elo Top-50 Teams,trace_uncertainty,flip,flip,,greedy,18,0.051122054763105676,Flip,0.05142185315698416,-0.00029979839387848234,,-0.5830174827874003
nba_elo_top50,NBA Elo Top-50 Teams,trace_uncertainty,flip,flip,,greedy,19,0.05110844825862757,Flip,0.05142185315698416,-0.0003134048983565868,,-0.6094780314505641
nba_elo_top50,NBA Elo Top-50 Teams,trace_uncertainty,flip,flip,,greedy,20,0.051094916799681894,Flip,0.05142185315698416,-0.00032693635730226406,,-0.6357926391804091
nba_elo_top50,NBA Elo Top-50 Teams,trace_uncertainty,flip,flip,,greedy,21,0.05108153181702769,Flip,0.05142185315698416,-0.0003403213399564703,,-0.6618223946879432
nba_elo_top50,NBA Elo Top-50 Teams,trace_uncertainty,flip,flip,,greedy,22,0.0510680560012831,Flip,0.05142185315698416,-0.00035379715570105913,,-0.6880287931688555
nba_elo_top50,NBA Elo Top-50 Teams,trace_uncertainty,flip,flip,,greedy,23,0.05105496566724403,Flip,0.05142185315698416,-0.0003668874897401267,,-0.7134855459605227
nba_elo_top50,NBA Elo Top-50 Teams,trace_uncertainty,flip,flip,,greedy,24,0.05104199374473693,Flip,0.05142185315698416,-0.0003798594122472257,,-0.7387120240252035
nba_elo_top50,NBA Elo Top-50 Teams,trace_uncertainty,flip,flip,,greedy,25,0.051029164379633674,Flip,0.05142185315698416,-0.00039268877735048474,,-0.763661270922418
nba_elo_top50,NBA Elo Top-50 Teams,trace_uncertainty,flip,flip,,random,0,0.05142185315698416,Flip,0.05142185315698416,0.0,,0.0
nba_elo_top50,NBA Elo Top-50 Teams,trace_uncertainty,flip,flip,,random,1,0.0514206668949243,Flip,0.05142185315698416,-1.1862620598601659e-06,,-0.00230692203223144
nba_elo_top50,NBA Elo Top-50 Teams,trace_uncertainty,flip,flip,,random,2,0.05142056787432326,Flip,0.05142185315698416,-1.2852826608983348e-06,,-0.0024994872451884137
nba_elo_top50,NBA Elo Top-50 Teams,trace_uncertainty,flip,flip,,random,3,0.05142036933951541,Flip,0.05142185315698416,-1.4838174687489825e-06,,-0.0028855775855045184
nba_elo_top50,NBA Elo Top-50 Teams,trace_uncertainty,flip,flip,,random,4,0.05142039559254793,Flip,0.05142185315698416,-1.457564436230241e-06,,-0.0028345233529030707
nba_elo_top50,NBA Elo Top-50 Teams,trace_uncertainty,flip,flip,,random,5,0.051420472718229915,Flip,0.05142185315698416,-1.3804387542434848e-06,,-0.0026845371558842633
nba_elo_top50,NBA Elo Top-50 Teams,trace_uncertainty,flip,flip,,random,6,0.0514205026708769,Flip,0.05142185315698416,-1.3504861072557994e-06,,-0.0026262882886249604
nba_elo_top50,NBA Elo Top-50 Teams,trace_uncertainty,flip,flip,,random,7,0.05142117695244883,Flip,0.05142185315698416,-6.762045353311819e-07,,-0.0013150139363255118
nba_elo_top50,NBA Elo Top-50 Teams,trace_uncertainty,flip,flip,,random,8,0.05142120368681614,Flip,0.05142185315698416,-6.494701680209714e-07,,-0.0012630236526836641
nba_elo_top50,NBA Elo Top-50 Teams,trace_uncertainty,flip,flip,,random,9,0.05142119108939312,Flip,0.05142185315698416,-6.620675910354312e-07,,-0.0012875218421518687
nba_elo_top50,NBA Elo Top-50 Teams,trace_uncertainty,flip,flip,,random,10,0.051421358582077116,Flip,0.05142185315698416,-4.945749070423e-07,,-0.0009617990731147472
nba_elo_top50,NBA Elo Top-50 Teams,trace_uncertainty,flip,flip,,random,11,0.05142115614840571,Flip,0.05142185315698416,-6.970085784513413e-07,,-0.0013554715274913679
nba_elo_top50,NBA Elo Top-50 Teams,trace_uncertainty,flip,flip,,random,12,0.05142072418574649,Flip,0.05142185315698416,-1.1289712376696959e-06,,-0.0021955086570355506
nba_elo_top50,NBA Elo Top-50 Teams,trace_uncertainty,flip,flip,,random,13,0.05142018632158142,Flip,0.05142185315698416,-1.6668354027374321e-06,,-0.003241492284707832
nba_elo_top50,NBA Elo Top-50 Teams,trace_uncertainty,flip,flip,,random,14,0.05142012412104664,Flip,0.05142185315698416,-1.7290359375157771e-06,,-0.003362453570541804
nba_elo_top50,NBA Elo Top-50 Teams,trace_uncertainty,flip,flip,,random,15,0.05142010635857833,Flip,0.05142185315698416,-1.7467984058314179e-06,,-0.003396996215789174
nba_elo_top50,NBA Elo Top-50 Teams,trace_uncertainty,flip,flip,,random,16,0.0514198868137765,Flip,0.05142185315698416,-1.9663432076558185e-06,,-0.0038239446595843816
nba_elo_top50,NBA Elo Top-50 Teams,trace_uncertainty,flip,flip,,random,17,0.05141957974319689,Flip,0.05142185315698416,-2.2734137872654214e-06,,-0.0044211043509555905
nba_elo_top50,NBA Elo Top-50 Teams,trace_uncertainty,flip,flip,,random,18,0.051419628477266305,Flip,0.05142185315698416,-2.224679717853506e-06,,-0.004326331279936278
nba_elo_top50,NBA Elo Top-50 Teams,trace_uncertainty,flip,flip,,random,19,0.051420490826156975,Flip,0.05142185315698416,-1.3623308271829004e-06,,-0.0026493226975385026
nba_elo_top50,NBA Elo Top-50 Teams,trace_uncertainty,flip,flip,,random,20,0.051420514355448345,Flip,0.05142185315698416,-1.3388015358134497e-06,,-0.002603565320227306
nba_elo_top50,NBA Elo Top-50 Teams,trace_uncertainty,flip,flip,,random,21,0.051420381938404404,Flip,0.05142185315698416,-1.4712185797544075e-06,,-0.0028610765451470032
nba_elo_top50,NBA Elo Top-50 Teams,trace_uncertainty,flip,flip,,random,22,0.05142036012361524,Flip,0.05142185315698416,-1.493033368916985e-06,,-0.0029034997326116397
nba_elo_top50,NBA Elo Top-50 Teams,trace_uncertainty,flip,flip,,random,23,0.05142040538937366,Flip,0.05142185315698416,-1.4477676104976411e-06,,-0.002815471480729792
nba_elo_top50,NBA Elo Top-50 Teams,trace_uncertainty,flip,flip,,random,24,0.05142020001985989,Flip,0.05142185315698416,-1.6531371242675674e-06,,-0.003214853263301805
nba_elo_top50,NBA Elo Top-50 Teams,trace_uncertainty,flip,flip,,random,25,0.051419969040777565,Flip,0.05142185315698416,-1.8841162065935668e-06,,-0.0036640379350810397
nba_elo_top50,NBA Elo Top-50 Teams,trace_uncertainty,add_pairs,add,all_pairs,greedy,0,0.05142185315698416,"Add
pairs",0.05142185315698416,0.0,,0.0
nba_elo_top50,NBA Elo Top-50 Teams,trace_uncertainty,add_pairs,add,all_pairs,greedy,1,0.05140352484846016,"Add
pairs",0.05142185315698416,-1.832830852399603e-05,,-0.035643033844078145
nba_elo_top50,NBA Elo Top-50 Teams,trace_uncertainty,add_pairs,add,all_pairs,greedy,2,0.05138539845603443,"Add
pairs",0.05142185315698416,-3.645470094972708e-05,,-0.07089340175748951
nba_elo_top50,NBA Elo Top-50 Teams,trace_uncertainty,add_pairs,add,all_pairs,greedy,3,0.051372891360052776,"Add
pairs",0.05142185315698416,-4.896179693138214e-05,,-0.09521593238172146
nba_elo_top50,NBA Elo Top-50 Teams,trace_uncertainty,add_pairs,add,all_pairs,greedy,4,0.05135497486950551,"Add
pairs",0.05142185315698416,-6.687828747865138e-05,,-0.1300581044298049
nba_elo_top50,NBA Elo Top-50 Teams,trace_uncertainty,add_pairs,add,all_pairs,greedy,5,0.051337254109622046,"Add
pairs",0.05142185315698416,-8.459904736211193e-05,,-0.16451963935224614
nba_elo_top50,NBA Elo Top-50 Teams,trace_uncertainty,add_pairs,add,all_pairs,greedy,6,0.05132176699890998,"Add
pairs",0.05142185315698416,-0.00010008615807417798,,-0.1946374001120265
nba_elo_top50,NBA Elo Top-50 Teams,trace_uncertainty,add_pairs,add,all_pairs,greedy,7,0.05130438021090156,"Add
pairs",0.05142185315698416,-0.00011747294608260156,,-0.2284494604345979
nba_elo_top50,NBA Elo Top-50 Teams,trace_uncertainty,add_pairs,add,all_pairs,greedy,8,0.05128718140425153,"Add
pairs",0.05142185315698416,-0.0001346717527326291,,-0.26189595369403346
nba_elo_top50,NBA Elo Top-50 Teams,trace_uncertainty,add_pairs,add,all_pairs,greedy,9,0.05127016786520355,"Add
pairs",0.05142185315698416,-0.00015168529178060525,,-0.29498215732818883
nba_elo_top50,NBA Elo Top-50 Teams,trace_uncertainty,add_pairs,add,all_pairs,greedy,10,0.05125333693352927,"Add
pairs",0.05142185315698416,-0.00016851622345488704,,-0.3277132446791234
nba_elo_top50,NBA Elo Top-50 Teams,trace_uncertainty,add_pairs,add,all_pairs,greedy,11,0.051236686000966244,"Add
pairs",0.05142185315698416,-0.00018516715601791384,,-0.36009428803085497
nba_elo_top50,NBA Elo Top-50 Teams,trace_uncertainty,add_pairs,add,all_pairs,greedy,12,0.05122021250971577,"Add
pairs",0.05142185315698416,-0.00020164064726838765,,-0.3921302615306478
nba_elo_top50,NBA Elo Top-50 Teams,trace_uncertainty,add_pairs,add,all_pairs,greedy,13,0.05120391395099716,"Add
pairs",0.05142185315698416,-0.00021793920598699862,,-0.42382604400051255
nba_elo_top50,NBA Elo Top-50 Teams,trace_uncertainty,add_pairs,add,all_pairs,greedy,14,0.05118778786365785,"Add
pairs",0.05142185315698416,-0.00023406529332630627,,-0.45518642164010636
nba_elo_top50,NBA Elo Top-50 Teams,trace_uncertainty,add_pairs,add,all_pairs,greedy,15,0.05117183183283623,"Add
pairs",0.05142185315698416,-0.0002500213241479268,,-0.4862160906271592
nba_elo_top50,NBA Elo Top-50 Teams,trace_uncertainty,add_pairs,add,all_pairs,greedy,16,0.05115604348867584,"Add
pairs",0.05142185315698416,-0.0002658096683083172,,-0.5169196596179356
nba_elo_top50,NBA Elo Top-50 Teams,trace_uncertainty,add_pairs,add,all_pairs,greedy,17,0.051140420505088796,"Add
pairs",0.05142185315698416,-0.0002814326518953622,,-0.5473016521520244
nba_elo_top50,NBA Elo Top-50 Teams,trace_uncertainty,add_pairs,add,all_pairs,greedy,18,0.05112496059856653,"Add
pairs",0.05142185315698416,-0.00029689255841763157,,-0.5773665089650846
nba_elo_top50,NBA Elo Top-50 Teams,trace_uncertainty,add_pairs,add,all_pairs,greedy,19,0.051109661527036276,"Add
pairs",0.05142185315698416,-0.0003121916299478819,,-0.6071185902126124
nba_elo_top50,NBA Elo Top-50 Teams,trace_uncertainty,add_pairs,add,all_pairs,greedy,20,0.05109452108876117,"Add
pairs",0.05142185315698416,-0.0003273320682229894,,-0.636562177608978
nba_elo_top50,NBA Elo Top-50 Teams,trace_uncertainty,add_pairs,add,all_pairs,greedy,21,0.05107953712128272,"Add
pairs",0.05142185315698416,-0.0003423160357014371,,-0.6657014764839206
nba_elo_top50,NBA Elo Top-50 Teams,trace_uncertainty,add_pairs,add,all_pairs,greedy,22,0.051064707500403185,"Add
pairs",0.05142185315698416,-0.0003571456565809733,,-0.6945406177615858
nba_elo_top50,NBA Elo Top-50 Teams,trace_uncertainty,add_pairs,add,all_pairs,greedy,23,0.05105003013920712,"Add
pairs",0.05142185315698416,-0.0003718230177770371,,-0.7230836598632692
nba_elo_top50,NBA Elo Top-50 Teams,trace_uncertainty,add_pairs,add,all_pairs,greedy,24,0.05103550298711985,"Add
pairs",0.05142185315698416,-0.0003863501698643107,,-0.7513345905384514
nba_elo_top50,NBA Elo Top-50 Teams,trace_uncertainty,add_pairs,add,all_pairs,greedy,25,0.05102112402900162,"Add
pairs",0.05142185315698416,-0.00040072912798253674,,-0.7792973286263398
nba_elo_top50,NBA Elo Top-50 Teams,trace_uncertainty,add_pairs,add,all_pairs,random,0,0.05142185315698416,"Add
pairs",0.05142185315698416,0.0,,0.0
nba_elo_top50,NBA Elo Top-50 Teams,trace_uncertainty,add_pairs,add,all_pairs,random,1,0.05142107273589899,"Add
pairs",0.05142185315698416,-7.804210851655724e-07,,-0.0015176837030416804
nba_elo_top50,NBA Elo Top-50 Teams,trace_uncertainty,add_pairs,add,all_pairs,random,2,0.051420387590217845,"Add
pairs",0.05142185315698416,-1.4655667663135419e-06,,-0.002850085472103386
nba_elo_top50,NBA Elo Top-50 Teams,trace_uncertainty,add_pairs,add,all_pairs,random,3,0.051419462321123446,"Add
pairs",0.05142185315698416,-2.3908358607119262e-06,,-0.004649454879451774
nba_elo_top50,NBA Elo Top-50 Teams,trace_uncertainty,add_pairs,add,all_pairs,random,4,0.051419254302702444,"Add
pairs",0.05142185315698416,-2.5988542817143023e-06,,-0.0050539879879092295
nba_elo_top50,NBA Elo Top-50 Teams,trace_uncertainty,add_pairs,add,all_pairs,random,5,0.051417410545010825,"Add
pairs",0.05142185315698416,-4.442611973333455e-06,,-0.008639540780007955
nba_elo_top50,NBA Elo Top-50 Teams,trace_uncertainty,add_pairs,add,all_pairs,random,6,0.05141726772674929,"Add
pairs",0.05142185315698416,-4.585430234869958e-06,,-0.008917279237041968
nba_elo_top50,NBA Elo Top-50 Teams,trace_uncertainty,add_pairs,add,all_pairs,random,7,0.05141521685744712,"Add
pairs",0.05142185315698416,-6.63629953703837e-06,,-0.012905601664682563
nba_elo_top50,NBA Elo Top-50 Teams,trace_uncertainty,add_pairs,add,all_pairs,random,8,0.051414031012080495,"Add
pairs",0.05142185315698416,-7.822144903663064e-06,,-0.015211713354209705
nba_elo_top50,NBA Elo Top-50 Teams,trace_uncertainty,add_pairs,add,all_pairs,random,9,0.051413102800922345,"Add
pairs",0.05142185315698416,-8.750356061813791e-06,,-0.017016804188484037
nba_elo_top50,NBA Elo Top-50 Teams,trace_uncertainty,add_pairs,add,all_pairs,random,10,0.05140730041573465,"Add
pairs",0.05142185315698416,-1.4552741249507228e-05,,-0.028300693880245083
nba_elo_top50,NBA Elo Top-50 Teams,trace_uncertainty,add_pairs,add,all_pairs,random,11,0.05140567517253808,"Add
pairs",0.05142185315698416,-1.6177984446079374e-05,,-0.03146130186457908
nba_elo_top50,NBA Elo Top-50 Teams,trace_uncertainty,add_pairs,add,all_pairs,random,12,0.05140333096682151,"Add
pairs",0.05142185315698416,-1.85221901626495e-05,,-0.03602007517329974
nba_elo_top50,NBA Elo Top-50 Teams,trace_uncertainty,add_pairs,add,all_pairs,random,13,0.051402575037911354,"Add
pairs",0.05142185315698416,-1.9278119072804745e-05,,-0.03749012898067128
nba_elo_top50,NBA Elo Top-50 Teams,trace_uncertainty,add_pairs,add,all_pairs,random,14,0.05139995258087747,"Add
pairs",0.05142185315698416,-2.190057610668844e-05,,-0.04259001720499816
nba_elo_top50,NBA Elo Top-50 Teams,trace_uncertainty,add_pairs,add,all_pairs,random,15,0.05139837629040078,"Add
pairs",0.05142185315698416,-2.3476866583375944e-05,,-0.045655426909069485
nba_elo_top50,NBA Elo Top-50 Teams,trace_uncertainty,add_pairs,add,all_pairs,random,16,0.05139829800610674,"Add
pairs",0.05142185315698416,-2.355515087741622e-05,,-0.04580766625719505
nba_elo_top50,NBA Elo Top-50 Teams,trace_uncertainty,add_pairs,add,all_pairs,random,17,0.051391400755792946,"Add
pairs",0.05142185315698416,-3.0452401191212453e-05,,-0.05922073850245201
nba_elo_top50,NBA Elo Top-50 Teams,trace_uncertainty,add_pairs,add,all_pairs,random,18,0.05138455746750396,"Add
pairs",0.05142185315698416,-3.729568948019485e-05,,-0.07252887087973281
nba_elo_top50,NBA Elo Top-50 Teams,trace_uncertainty,add_pairs,add,all_pairs,random,19,0.05138447824680192,"Add
pairs",0.05142185315698416,-3.737491018223488e-05,,-0.0726829312590781
nba_elo_top50,NBA Elo Top-50 Teams,trace_uncertainty,add_pairs,add,all_pairs,random,20,0.051383267035983816,"Add
pairs",0.05142185315698416,-3.8586121000341866e-05,,-0.07503837110370859
nba_elo_top50,NBA Elo Top-50 Teams,trace_uncertainty,add_pairs,add,all_pairs,random,21,0.05138322679164945,"Add
pairs",0.05142185315698416,-3.862636533470687e-05,,-0.07511663419983261
nba_elo_top50,NBA Elo Top-50 Teams,trace_uncertainty,add_pairs,add,all_pairs,random,22,0.05138295626655178,"Add
pairs",0.05142185315698416,-3.889689043237721e-05,,-0.0756427239477934
nba_elo_top50,NBA Elo Top-50 Teams,trace_uncertainty,add_pairs,add,all_pairs,random,23,0.05138256969148987,"Add
pairs",0.05142185315698416,-3.9283465494290015e-05,,-0.07639449588555815
nba_elo_top50,NBA Elo Top-50 Teams,trace_uncertainty,add_pairs,add,all_pairs,random,24,0.051381718530881734,"Add
pairs",0.05142185315698416,-4.0134626102424076e-05,,-0.07804974663184218
nba_elo_top50,NBA Elo Top-50 Teams,trace_uncertainty,add_pairs,add,all_pairs,random,25,0.051380533363894844,"Add
pairs",0.05142185315698416,-4.131979308931444e-05,,-0.0803545390773268
nba_elo_top50,NBA Elo Top-50 Teams,trace_uncertainty,add_outcomes,add,all_outcomes,greedy,0,0.05142185315698416,"Add
outcomes",0.05142185315698416,0.0,,0.0
nba_elo_top50,NBA Elo Top-50 Teams,trace_uncertainty,add_outcomes,add,all_outcomes,greedy,1,0.05139244895981717,"Add
outcomes",0.05142185315698416,-2.9404197166987833e-05,,-0.05718229772315028
nba_elo_top50,NBA Elo Top-50 Teams,trace_uncertainty,add_outcomes,add,all_outcomes,greedy,2,0.051374980837087,"Add
outcomes",0.05142185315698416,-4.687231989716073e-05,,-0.09115252955599577
nba_elo_top50,NBA Elo Top-50 Teams,trace_uncertainty,add_outcomes,add,all_outcomes,greedy,3,0.051346079577467375,"Add
outcomes",0.05142185315698416,-7.577357951678299e-05,,-0.1473567653920527
nba_elo_top50,NBA Elo Top-50 Teams,trace_uncertainty,add_outcomes,add,all_outcomes,greedy,4,0.05131749185921841,"Add
outcomes",0.05142185315698416,-0.00010436129776574682,,-0.20295125779918025
nba_elo_top50,NBA Elo Top-50 Teams,trace_uncertainty,add_outcomes,add,all_outcomes,greedy,5,0.05128921317607782,"Add
outcomes",0.05142185315698416,-0.00013263998090633916,,-0.25794477009882694
nba_elo_top50,NBA Elo Top-50 Teams,trace_uncertainty,add_outcomes,add,all_outcomes,greedy,6,0.05126123909974284,"Add
outcomes",0.05142185315698416,-0.00016061405724131922,,-0.3123459140046657
nba_elo_top50,NBA Elo Top-50 Teams,trace_uncertainty,add_outcomes,add,all_outcomes,greedy,7,0.051233565278479914,"Add
outcomes",0.05142185315698416,-0.00018828787850424383,,-0.3661631523263576
nba_elo_top50,NBA Elo Top-50 Teams,trace_uncertainty,add_outcomes,add,all_outcomes,greedy,8,0.051206187435766874,"Add
outcomes",0.05142185315698416,-0.0002156657212172841,,-0.41940480161009563
nba_elo_top50,NBA Elo Top-50 Teams,trace_uncertainty,add_outcomes,add,all_outcomes,greedy,9,0.05117910136896599,"Add
outcomes",0.05142185315698416,-0.00024275178801817093,,-0.4720790347191137
nba_elo_top50,NBA Elo Top-50 Teams,trace_uncertainty,add_outcomes,add,all_outcomes,greedy,10,0.051152302948025884,"Add
outcomes",0.05142185315698416,-0.00026955020895827464,,-0.5241938833580604
nba_elo_top50,NBA Elo Top-50 Teams,trace_uncertainty,add_outcomes,add,all_outcomes,greedy,11,0.05112578811421125,"Add
outcomes",0.05142185315698416,-0.00029606504277290835,,-0.5757572405433555
nba_elo_top50,NBA Elo Top-50 Teams,trace_uncertainty,add_outcomes,add,all_outcomes,greedy,12,0.05109955287885859,"Add
outcomes",0.05142185315698416,-0.0003223002781255688,,-0.6267768630228638
nba_elo_top50,NBA Elo Top-50 Teams,trace_uncertainty,add_outcomes,add,all_outcomes,greedy,13,0.05107359332215684,"Add
outcomes",0.05142185315698416,-0.000348259834827315,,-0.6772603736472186
nba_elo_top50,NBA Elo Top-50 Teams,trace_uncertainty,add_outcomes,add,all_outcomes,greedy,14,0.05104790559195128,"Add
outcomes",0.05142185315698416,-0.00037394756503288107,,-0.7272152636959005
nba_elo_top50,NBA Elo Top-50 Teams,trace_uncertainty,add_outcomes,add,all_outcomes,greedy,15,0.051022485902569914,"Add
outcomes",0.05142185315698416,-0.0003993672544142443,,-0.7766488951594736
nba_elo_top50,NBA Elo Top-50 Teams,trace_uncertainty,add_outcomes,add,all_outcomes,greedy,16,0.05099733053367053,"Add
outcomes",0.05142185315698416,-0.0004245226233136265,,-0.8255685029818252
nba_elo_top50,NBA Elo Top-50 Teams,trace_uncertainty,add_outcomes,add,all_outcomes,greedy,17,0.05097243582910843,"Add
outcomes",0.05142185315698416,-0.00044941732787572714,,-0.8739811972620184
nba_elo_top50,NBA Elo Top-50 Teams,trace_uncertainty,add_outcomes,add,all_outcomes,greedy,18,0.05094779819582228,"Add
outcomes",0.05142185315698416,-0.0004740549611618808,,-0.9218939654209919
nba_elo_top50,NBA Elo Top-50 Teams,trace_uncertainty,add_outcomes,add,all_outcomes,greedy,19,0.05092341410273851,"Add
outcomes",0.05142185315698416,-0.000498439054245646,,-0.9693136743321503
nba_elo_top50,NBA Elo Top-50 Teams,trace_uncertainty,add_outcomes,add,all_outcomes,greedy,20,0.05089928007969263,"Add
outcomes",0.05142185315698416,-0.0005225730772915257,,-1.01624707241915
nba_elo_top50,NBA Elo Top-50 Teams,trace_uncertainty,add_outcomes,add,all_outcomes,greedy,21,0.05087539271636667,"Add
outcomes",0.05142185315698416,-0.0005464604406174856,,-1.0627007917221762
nba_elo_top50,NBA Elo Top-50 Teams,trace_uncertainty,add_outcomes,add,all_outcomes,greedy,22,0.05085174866124229,"Add
outcomes",0.05142185315698416,-0.0005701044957418661,,-1.1086813499338735
nba_elo_top50,NBA Elo Top-50 Teams,trace_uncertainty,add_outcomes,add,all_outcomes,greedy,23,0.050828144939172884,"Add
outcomes",0.05142185315698416,-0.0005937082178112743,,-1.1545834725146158
nba_elo_top50,NBA Elo Top-50 Teams,trace_uncertainty,add_outcomes,add,all_outcomes,greedy,24,0.05080484911913021,"Add
outcomes",0.05142185315698416,-0.0006170040378539465,,-1.1998868184900189
nba_elo_top50,NBA Elo Top-50 Teams,trace_uncertainty,add_outcomes,add,all_outcomes,greedy,25,0.0507815945768127,"Add
outcomes",0.05142185315698416,-0.0006402585801714572,,-1.24510989173578
nba_elo_top50,NBA Elo Top-50 Teams,trace_uncertainty,add_outcomes,add,all_outcomes,random,0,0.05142185315698416,"Add
outcomes",0.05142185315698416,0.0,,0.0
nba_elo_top50,NBA Elo Top-50 Teams,trace_uncertainty,add_outcomes,add,all_outcomes,random,1,0.05141611648973688,"Add
outcomes",0.05142185315698416,-5.736667247277505e-06,,-0.011156088112507758
nba_elo_top50,NBA Elo Top-50 Teams,trace_uncertainty,add_outcomes,add,all_outcomes,random,2,0.051415815051468236,"Add
outcomes",0.05142185315698416,-6.038105515922265e-06,,-0.011742294657270952
nba_elo_top50,NBA Elo Top-50 Teams,trace_uncertainty,add_outcomes,add,all_outcomes,random,3,0.0514157242240295,"Add
outcomes",0.05142185315698416,-6.12893295465905e-06,,-0.011918926639901956
nba_elo_top50,NBA Elo Top-50 Teams,trace_uncertainty,add_outcomes,add,all_outcomes,random,4,0.051414650580335924,"Add
outcomes",0.05142185315698416,-7.202576648233927e-06,,-0.014006839905682526
nba_elo_top50,NBA Elo Top-50 Teams,trace_uncertainty,add_outcomes,add,all_outcomes,random,5,0.051413819495887206,"Add
outcomes",0.05142185315698416,-8.033661096952527e-06,,-0.015623048575139475
nba_elo_top50,NBA Elo Top-50 Teams,trace_uncertainty,add_outcomes,add,all_outcomes,random,6,0.05140722902205701,"Add
outcomes",0.05142185315698416,-1.462413492715059e-05,,-0.028439533057093503
nba_elo_top50,NBA Elo Top-50 Teams,trace_uncertainty,add_outcomes,add,all_outcomes,random,7,0.05140428581845986,"Add
outcomes",0.05142185315698416,-1.7567338524294984e-05,,-0.03416317663749731
nba_elo_top50,NBA Elo Top-50 Teams,trace_uncertainty,add_outcomes,add,all_outcomes,random,8,0.05140424321014714,"Add
outcomes",0.05142185315698416,-1.7609946837020274e-05,,-0.034246036958760356
nba_elo_top50,NBA Elo Top-50 Teams,trace_uncertainty,add_outcomes,add,all_outcomes,random,9,0.051403830583790805,"Add
outcomes",0.05142185315698416,-1.8022573193353375e-05,,-0.03504847080935187
nba_elo_top50,NBA Elo Top-50 Teams,trace_uncertainty,add_outcomes,add,all_outcomes,random,10,0.05140294753921416,"Add
outcomes",0.05142185315698416,-1.8905617770001437e-05,,-0.0367657262609441
nba_elo_top50,NBA Elo Top-50 Teams,trace_uncertainty,add_outcomes,add,all_outcomes,random,11,0.05140201684123205,"Add
outcomes",0.05142185315698416,-1.983631575210726e-05,,-0.03857565321799974
nba_elo_top50,NBA Elo Top-50 Teams,trace_uncertainty,add_outcomes,add,all_outcomes,random,12,0.05140197911263089,"Add
outcomes",0.05142185315698416,-1.9874044353267173e-05,,-0.03864902397156775
nba_elo_top50,NBA Elo Top-50 Teams,trace_uncertainty,add_outcomes,add,all_outcomes,random,13,0.05140177727491391,"Add
outcomes",0.05142185315698416,-2.0075882070251516e-05,,-0.039041537474276716
nba_elo_top50,NBA Elo Top-50 Teams,trace_uncertainty,add_outcomes,add,all_outcomes,random,14,0.05140178585852469,"Add
outcomes",0.05142185315698416,-2.0067298459471028e-05,,-0.039024844939384434
nba_elo_top50,NBA Elo Top-50 Teams,trace_uncertainty,add_outcomes,add,all_outcomes,random,15,0.05140169392793462,"Add
outcomes",0.05142185315698416,-2.0159229049535043e-05,,-0.03920362221873173
nba_elo_top50,NBA Elo Top-50 Teams,trace_uncertainty,add_outcomes,add,all_outcomes,random,16,0.0513968187517107,"Add
outcomes",0.05142185315698416,-2.503440527346079e-05,,-0.04868437004211817
nba_elo_top50,NBA Elo Top-50 Teams,trace_uncertainty,add_outcomes,add,all_outcomes,random,17,0.05139649972460801,"Add
outcomes",0.05142185315698416,-2.5353432376147567e-05,,-0.04930478156581963
nba_elo_top50,NBA Elo Top-50 Teams,trace_uncertainty,add_outcomes,add,all_outcomes,random,18,0.05139276698029734,"Add
outcomes",0.05142185315698416,-2.9086176686815568e-05,,-0.056563843776729114
nba_elo_top50,NBA Elo Top-50 Teams,trace_uncertainty,add_outcomes,add,all_outcomes,random,19,0.051392311194297845,"Add
outcomes",0.05142185315698416,-2.9541962686313594e-05,,-0.05745021012005511
nba_elo_top50,NBA Elo Top-50 Teams,trace_uncertainty,add_outcomes,add,all_outcomes,random,20,0.05139162053919308,"Add
outcomes",0.05142185315698416,-3.0232617791080274e-05,,-0.05879332605688882
nba_elo_top50,NBA Elo Top-50 Teams,trace_uncertainty,add_outcomes,add,all_outcomes,random,21,0.05139152458332494,"Add
outcomes",0.05142185315698416,-3.0328573659220426e-05,,-0.058979931288417935
nba_elo_top50,NBA Elo Top-50 Teams,trace_uncertainty,add_outcomes,add,all_outcomes,random,22,0.05139144449409789,"Add
outcomes",0.05142185315698416,-3.040866288626931e-05,,-0.059135680687033315
nba_elo_top50,NBA Elo Top-50 Teams,trace_uncertainty,add_outcomes,add,all_outcomes,random,23,0.05139124226756178,"Add
outcomes",0.05142185315698416,-3.0610889422376386e-05,,-0.05952895032570173
nba_elo_top50,NBA Elo Top-50 Teams,trace_uncertainty,add_outcomes,add,all_outcomes,random,24,0.05139088683700245,"Add
outcomes",0.05142185315698416,-3.0966319981708124e-05,,-0.06022015559643877
nba_elo_top50,NBA Elo Top-50 Teams,trace_uncertainty,add_outcomes,add,all_outcomes,random,25,0.05138924719402794,"Add
outcomes",0.05142185315698416,-3.260596295621976e-05,,-0.06340876680713556
nba_elo_top50,NBA Elo Top-50 Teams,trace_uncertainty,add_weighted,add,weighted,greedy,0,0.05142185315698416,"Add
weighted",0.05142185315698416,0.0,,0.0
nba_elo_top50,NBA Elo Top-50 Teams,trace_uncertainty,add_weighted,add,weighted,greedy,1,0.05139244895981717,"Add
weighted",0.05142185315698416,-2.9404197166987833e-05,,-0.05718229772315028
nba_elo_top50,NBA Elo Top-50 Teams,trace_uncertainty,add_weighted,add,weighted,greedy,2,0.051376690698927314,"Add
weighted",0.05142185315698416,-4.5162458056843824e-05,,-0.08782736382325386
nba_elo_top50,NBA Elo Top-50 Teams,trace_uncertainty,add_weighted,add,weighted,greedy,3,0.05134778818490418,"Add
weighted",0.05142185315698416,-7.40649720799777e-05,,-0.1440340390959211
nba_elo_top50,NBA Elo Top-50 Teams,trace_uncertainty,add_weighted,add,weighted,greedy,4,0.05131919918931043,"Add
weighted",0.05142185315698416,-0.00010265396767372703,,-0.19963101555351956
nba_elo_top50,NBA Elo Top-50 Teams,trace_uncertainty,add_weighted,add,weighted,greedy,5,0.05129091920697535,"Add
weighted",0.05142185315698416,-0.00013093395000880748,,-0.2546270543947207
nba_elo_top50,NBA Elo Top-50 Teams,trace_uncertainty,add_weighted,add,weighted,greedy,6,0.05126294381064414,"Add
weighted",0.05142185315698416,-0.0001589093463400179,,-0.3090307652952307
nba_elo_top50,NBA Elo Top-50 Teams,trace_uncertainty,add_weighted,add,weighted,greedy,7,0.051235268649588085,"Add
weighted",0.05142185315698416,-0.00018658450739607313,,-0.36285060911059575
nba_elo_top50,NBA Elo Top-50 Teams,trace_uncertainty,add_weighted,add,weighted,greedy,8,0.05120788944824701,"Add
weighted",0.05142185315698416,-0.00021396370873714987,,-0.41609490051621983
nba_elo_top50,NBA Elo Top-50 Teams,trace_uncertainty,add_weighted,add,weighted,greedy,9,0.05118080200490292,"Add
weighted",0.05142185315698416,-0.00024105115208123556,,-0.4687718105867132
nba_elo_top50,NBA Elo Top-50 Teams,trace_uncertainty,add_weighted,add,weighted,greedy,10,0.05115400219038221,"Add
weighted",0.05142185315698416,-0.0002678509666019513,,-0.5208893693197666
nba_elo_top50,NBA Elo Top-50 Teams,trace_uncertainty,add_weighted,add,weighted,greedy,11,0.051127485946786094,"Add
weighted",0.05142185315698416,-0.00029436721019806406,,-0.5724554681049702
nba_elo_top50,NBA Elo Top-50 Teams,trace_uncertainty,add_weighted,add,weighted,greedy,12,0.051101249286246965,"Add
weighted",0.05142185315698416,-0.0003206038707371933,,-0.6234778621424472
nba_elo_top50,NBA Elo Top-50 Teams,trace_uncertainty,add_weighted,add,weighted,greedy,13,0.05107528828970944,"Add
weighted",0.05142185315698416,-0.0003465648672747179,,-0.6739641728132608
nba_elo_top50,NBA Elo Top-50 Teams,trace_uncertainty,add_weighted,add,weighted,greedy,14,0.0510495991057351,"Add
weighted",0.05142185315698416,-0.00037225405124905603,,-0.7239218900038732
nba_elo_top50,NBA Elo Top-50 Teams,trace_uncertainty,add_weighted,add,weighted,greedy,15,0.051024177949329404,"Add
weighted",0.05142185315698416,-0.0003976752076547546,,-0.7733583743874506
nba_elo_top50,NBA Elo Top-50 Teams,trace_uncertainty,add_weighted,add,weighted,greedy,16,0.05099902110078985,"Add
weighted",0.05142185315698416,-0.0004228320561943111,,-0.8222808596638095
nba_elo_top50,NBA Elo Top-50 Teams,trace_uncertainty,add_weighted,add,weighted,greedy,17,0.05097412490457401,"Add
weighted",0.05142185315698416,-0.00044772825241014974,,-0.8706964547607692
nba_elo_top50,NBA Elo Top-50 Teams,trace_uncertainty,add_weighted,add,weighted,greedy,18,0.05094948576818665,"Add
weighted",0.05142185315698416,-0.0004723673887975094,,-0.9186121459983829
nba_elo_top50,NBA Elo Top-50 Teams,trace_uncertainty,add_weighted,add,weighted,greedy,19,0.050925100161084806,"Add
weighted",0.05142185315698416,-0.0004967529958993522,,-0.9660347992182051
nba_elo_top50,NBA Elo Top-50 Teams,trace_uncertainty,add_weighted,add,weighted,greedy,20,0.05090096461360002,"Add
weighted",0.05142185315698416,-0.0005208885433841404,,-1.0129711618792425
nba_elo_top50,NBA Elo Top-50 Teams,trace_uncertainty,add_weighted,add,weighted,greedy,21,0.05087707571587683,"Add
weighted",0.05142185315698416,-0.0005447774411073275,,-1.0594278651222342
nba_elo_top50,NBA Elo Top-50 Teams,trace_uncertainty,add_weighted,add,weighted,greedy,22,0.050853430116826845,"Add
weighted",0.05142185315698416,-0.0005684230401573134,,-1.1054114258037193
nba_elo_top50,NBA Elo Top-50 Teams,trace_uncertainty,add_weighted,add,weighted,greedy,23,0.05083002452309741,"Add
weighted",0.05142185315698416,-0.0005918286338867512,,-1.150928248501617
nba_elo_top50,NBA Elo Top-50 Teams,trace_uncertainty,add_weighted,add,weighted,greedy,24,0.05080685569805443,"Add
weighted",0.05142185315698416,-0.0006149974589297266,,-1.1959846274933348
nba_elo_top50,NBA Elo Top-50 Teams,trace_uncertainty,add_weighted,add,weighted,greedy,25,0.0507839204607787,"Add
weighted",0.05142185315698416,-0.0006379326962054552,,-1.2405867487076565
nba_elo_top50,NBA Elo Top-50 Teams,trace_uncertainty,add_weighted,add,weighted,random,0,0.05142185315698416,"Add
weighted",0.05142185315698416,0.0,,0.0
nba_elo_top50,NBA Elo Top-50 Teams,trace_uncertainty,add_weighted,add,weighted,random,1,0.05142170139694027,"Add
weighted",0.05142185315698416,-1.5176004388578468e-07,,-0.00029512752763398317
nba_elo_top50,NBA Elo Top-50 Teams,trace_uncertainty,add_weighted,add,weighted,random,2,0.05141886603691459,"Add
weighted",0.05142185315698416,-2.9871200695683053e-06,,-0.005809047877852672
nba_elo_top50,NBA Elo Top-50 Teams,trace_uncertainty,add_weighted,add,weighted,random,3,0.05141671952555765,"Add
weighted",0.05142185315698416,-5.133631426505747e-06,,-0.009983365264634562
nba_elo_top50,NBA Elo Top-50 Teams,trace_uncertainty,add_weighted,add,weighted,random,4,0.05141100457042191,"Add
weighted",0.05142185315698416,-1.0848586562250961e-05,,-0.021097229866709883
nba_elo_top50,NBA Elo Top-50 Teams,trace_uncertainty,add_weighted,add,weighted,random,5,0.051405512490592394,"Add
weighted",0.05142185315698416,-1.634066639176479e-05,,-0.03177766919811094
nba_elo_top50,NBA Elo Top-50 Teams,trace_uncertainty,add_weighted,add,weighted,random,6,0.05140532479879525,"Add
weighted",0.05142185315698416,-1.6528358188910852e-05,,-0.03214267315192229
nba_elo_top50,NBA Elo Top-50 Teams,trace_uncertainty,add_weighted,add,weighted,random,7,0.05140468219670823,"Add
weighted",0.05142185315698416,-1.717096027592513e-05,,-0.03339234045786807
nba_elo_top50,NBA Elo Top-50 Teams,trace_uncertainty,add_weighted,add,weighted,random,8,0.0514045918899208,"Add
weighted",0.05142185315698416,-1.7261267063355124e-05,,-0.03356795993069084
nba_elo_top50,NBA Elo Top-50 Teams,trace_uncertainty,add_weighted,add,weighted,random,9,0.05140425944457233,"Add
weighted",0.05142185315698416,-1.7593712411827223e-05,,-0.03421446589666057
nba_elo_top50,NBA Elo Top-50 Teams,trace_uncertainty,add_weighted,add,weighted,random,10,0.05140056239672937,"Add
weighted",0.05142185315698416,-2.1290760254789876e-05,,-0.04140410924085521
nba_elo_top50,NBA Elo Top-50 Teams,trace_uncertainty,add_weighted,add,weighted,random,11,0.051398400819813055,"Add
weighted",0.05142185315698416,-2.3452337171103732e-05,,-0.04560772459815252
nba_elo_top50,NBA Elo Top-50 Teams,trace_uncertainty,add_weighted,add,weighted,random,12,0.05139821810007585,"Add
weighted",0.05142185315698416,-2.3635056908305474e-05,,-0.04596305939451609
nba_elo_top50,NBA Elo Top-50 Teams,trace_uncertainty,add_weighted,add,weighted,random,13,0.051396325062361865,"Add
weighted",0.05142185315698416,-2.5528094622292996e-05,,-0.04964444697152216
nba_elo_top50,NBA Elo Top-50 Teams,trace_uncertainty,add_weighted,add,weighted,random,14,0.051383667394140804,"Add
weighted",0.05142185315698416,-3.8185762843354065e-05,,-0.0742597952018142
nba_elo_top50,NBA Elo Top-50 Teams,trace_uncertainty,add_weighted,add,weighted,random,15,0.051378683620550744,"Add
weighted",0.05142185315698416,-4.31695364334142e-05,,-0.08395173215874442
nba_elo_top50,NBA Elo Top-50 Teams,trace_uncertainty,add_weighted,add,weighted,random,16,0.05137730287961991,"Add
weighted",0.05142185315698416,-4.455027736424699e-05,,-0.08663685695698452
nba_elo_top50,NBA Elo Top-50 Teams,trace_uncertainty,add_weighted,add,weighted,random,17,0.051374669170346145,"Add
weighted",0.05142185315698416,-4.71839866380136e-05,,-0.0917586273951798
nba_elo_top50,NBA Elo Top-50 Teams,trace_uncertainty,add_weighted,add,weighted,random,18,0.05137360695771381,"Add
weighted",0.05142185315698416,-4.824619927034507e-05,,-0.09382431069346288
nba_elo_top50,NBA Elo Top-50 Teams,trace_uncertainty,add_weighted,add,weighted,random,19,0.05137353202047228,"Add
weighted",0.05142185315698416,-4.8321136511875196e-05,,-0.09397004103363821
nba_elo_top50,NBA Elo Top-50 Teams,trace_uncertainty,add_weighted,add,weighted,random,20,0.051370283783369476,"Add
weighted",0.05142185315698416,-5.156937361468217e-05,,-0.10028688281079184
nba_elo_top50,NBA Elo Top-50 Teams,trace_uncertainty,add_weighted,add,weighted,random,21,0.05136940436829833,"Add
weighted",0.05142185315698416,-5.244878868582853e-05,,-0.10199707996852869
nba_elo_top50,NBA Elo Top-50 Teams,trace_uncertainty,add_weighted,add,weighted,random,22,0.05136898177087329,"Add
weighted",0.05142185315698416,-5.2871386110868446e-05,,-0.1028189045413417
nba_elo_top50,NBA Elo Top-50 Teams,trace_uncertainty,add_weighted,add,weighted,random,23,0.05136892755154966,"Add
weighted",0.05142185315698416,-5.292560543449648e-05,,-0.10292434477793239
nba_elo_top50,NBA Elo Top-50 Teams,trace_uncertainty,add_weighted,add,weighted,random,24,0.05136681314734291,"Add
weighted",0.05142185315698416,-5.504000964124539e-05,,-0.10703622343834143
nba_elo_top50,NBA Elo Top-50 Teams,trace_uncertainty,add_weighted,add,weighted,random,25,0.05136653089883595,"Add
weighted",0.05142185315698416,-5.532225814820768e-05,,-0.10758511168260719
