dataset_key,dataset_name,variant,action,candidate_mode,target_player_a,target_player_b,selected_order,model_a,model_b,winner,match_id,match_copy,outcome,influence,influence_abs,fitted_probability,residual,leverage,objective_value,row_uid
vision_arena,Vision Arena,drop,drop,,gemini-1.5-pro-exp-0801,gpt-4o-2024-05-13,0,gemini-1.5-pro-exp-0801,gpt-4o-2024-05-13,1.0,9745,forward,1.0,-0.0004195393807741233,0.0004195393807741233,0.5105001462005768,0.4894998537994232,0.00021412905415007025,0.04200676069447773,9745
vision_arena,Vision Arena,drop,drop,,gemini-1.5-pro-exp-0801,gpt-4o-2024-05-13,1,gemini-1.5-pro-exp-0801,gpt-4o-2024-05-13,1.0,19984,reverse,1.0,-0.0004195393807741233,0.0004195393807741233,0.5105001462005768,0.4894998537994232,0.00021412905415007025,0.04200676069447773,49833
vision_arena,Vision Arena,drop,drop,,gemini-1.5-pro-exp-0801,gpt-4o-2024-05-13,2,gemini-1.5-pro-exp-0801,gpt-4o-2024-05-13,1.0,27126,reverse,1.0,-0.0004195393807741233,0.0004195393807741233,0.5105001462005768,0.4894998537994232,0.00021412905415007025,0.04200676069447773,56975
vision_arena,Vision Arena,drop,drop,,gemini-1.5-pro-exp-0801,gpt-4o-2024-05-13,3,gpt-4o-2024-05-13,gemini-1.5-pro-exp-0801,0.0,21236,reverse,0.0,-0.0004195393807741233,0.0004195393807741233,0.4894998537994232,-0.4894998537994232,0.00021412905415007025,0.04200676069447773,51085
vision_arena,Vision Arena,drop,drop,,gemini-1.5-pro-exp-0801,gpt-4o-2024-05-13,4,gpt-4o-2024-05-13,gemini-1.5-pro-exp-0801,0.0,21232,reverse,0.0,-0.0004195393807741233,0.0004195393807741233,0.4894998537994232,-0.4894998537994232,0.00021412905415007025,0.04200676069447773,51081
vision_arena,Vision Arena,drop,drop,,gemini-1.5-pro-exp-0801,gpt-4o-2024-05-13,5,gpt-4o-2024-05-13,gemini-1.5-pro-exp-0801,0.0,15782,forward,0.0,-0.0004195393807741233,0.0004195393807741233,0.4894998537994232,-0.4894998537994232,0.00021412905415007025,0.04200676069447773,15782
vision_arena,Vision Arena,drop,drop,,gemini-1.5-pro-exp-0801,gpt-4o-2024-05-13,6,gemini-1.5-pro-exp-0801,gpt-4o-2024-05-13,1.0,15780,forward,1.0,-0.0004195393807741233,0.0004195393807741233,0.5105001462005768,0.4894998537994232,0.00021412905415007025,0.04200676069447773,15780
vision_arena,Vision Arena,drop,drop,,gemini-1.5-pro-exp-0801,gpt-4o-2024-05-13,7,gemini-1.5-pro-exp-0801,gpt-4o-2024-05-13,1.0,143,reverse,1.0,-0.0004195393807741233,0.0004195393807741233,0.5105001462005768,0.4894998537994232,0.00021412905415007025,0.04200676069447773,29992
vision_arena,Vision Arena,drop,drop,,gemini-1.5-pro-exp-0801,gpt-4o-2024-05-13,8,gpt-4o-2024-05-13,gemini-1.5-pro-exp-0801,0.0,141,reverse,0.0,-0.0004195393807741233,0.0004195393807741233,0.4894998537994232,-0.4894998537994232,0.00021412905415007025,0.04200676069447773,29990
vision_arena,Vision Arena,drop,drop,,gemini-1.5-pro-exp-0801,gpt-4o-2024-05-13,9,gemini-1.5-pro-exp-0801,gpt-4o-2024-05-13,1.0,11474,forward,1.0,-0.0004195393807741233,0.0004195393807741233,0.5105001462005768,0.4894998537994232,0.00021412905415007025,0.04200676069447773,11474
vision_arena,Vision Arena,drop,drop,,gemini-1.5-pro-exp-0801,gpt-4o-2024-05-13,10,gpt-4o-2024-05-13,gemini-1.5-pro-exp-0801,0.0,5047,forward,0.0,-0.0004195393807741233,0.0004195393807741233,0.4894998537994232,-0.4894998537994232,0.00021412905415007025,0.04200676069447773,5047
vision_arena,Vision Arena,drop,drop,,gemini-1.5-pro-exp-0801,gpt-4o-2024-05-13,11,gemini-1.5-pro-exp-0801,gpt-4o-2024-05-13,1.0,24462,forward,1.0,-0.0004195393807741233,0.0004195393807741233,0.5105001462005768,0.4894998537994232,0.00021412905415007025,0.04200676069447773,24462
vision_arena,Vision Arena,drop,drop,,gemini-1.5-pro-exp-0801,gpt-4o-2024-05-13,12,gemini-1.5-pro-exp-0801,gpt-4o-2024-05-13,1.0,2764,forward,1.0,-0.0004195393807741233,0.0004195393807741233,0.5105001462005768,0.4894998537994232,0.00021412905415007025,0.04200676069447773,2764
vision_arena,Vision Arena,drop,drop,,gemini-1.5-pro-exp-0801,gpt-4o-2024-05-13,13,gemini-1.5-pro-exp-0801,gpt-4o-2024-05-13,1.0,19054,reverse,1.0,-0.0004195393807741233,0.0004195393807741233,0.5105001462005768,0.4894998537994232,0.00021412905415007025,0.04200676069447773,48903
vision_arena,Vision Arena,drop,drop,,gemini-1.5-pro-exp-0801,gpt-4o-2024-05-13,14,gemini-1.5-pro-exp-0801,gpt-4o-2024-05-13,1.0,22599,forward,1.0,-0.0004195393807741233,0.0004195393807741233,0.5105001462005768,0.4894998537994232,0.00021412905415007025,0.04200676069447773,22599
vision_arena,Vision Arena,drop,drop,,gemini-1.5-pro-exp-0801,gpt-4o-2024-05-13,15,gemini-1.5-pro-exp-0801,gpt-4o-2024-05-13,1.0,18126,forward,1.0,-0.0004195393807741233,0.0004195393807741233,0.5105001462005768,0.4894998537994232,0.00021412905415007025,0.04200676069447773,18126
vision_arena,Vision Arena,drop,drop,,gemini-1.5-pro-exp-0801,gpt-4o-2024-05-13,16,gemini-1.5-pro-exp-0801,gpt-4o-2024-05-13,1.0,5308,reverse,1.0,-0.0004195393807741233,0.0004195393807741233,0.5105001462005768,0.4894998537994232,0.00021412905415007025,0.04200676069447773,35157
vision_arena,Vision Arena,drop,drop,,gemini-1.5-pro-exp-0801,gpt-4o-2024-05-13,17,gpt-4o-2024-05-13,gemini-1.5-pro-exp-0801,0.0,9686,forward,0.0,-0.0004195393807741233,0.0004195393807741233,0.4894998537994232,-0.4894998537994232,0.00021412905415007025,0.04200676069447773,9686
vision_arena,Vision Arena,drop,drop,,gemini-1.5-pro-exp-0801,gpt-4o-2024-05-13,18,gemini-1.5-pro-exp-0801,gpt-4o-2024-05-13,1.0,18189,forward,1.0,-0.0004195393807741233,0.0004195393807741233,0.5105001462005768,0.4894998537994232,0.00021412905415007025,0.04200676069447773,18189
vision_arena,Vision Arena,drop,drop,,gemini-1.5-pro-exp-0801,gpt-4o-2024-05-13,19,gpt-4o-2024-05-13,gemini-1.5-pro-exp-0801,0.0,9783,forward,0.0,-0.0004195393807741233,0.0004195393807741233,0.4894998537994232,-0.4894998537994232,0.00021412905415007025,0.04200676069447773,9783
vision_arena,Vision Arena,drop,drop,,gemini-1.5-pro-exp-0801,gpt-4o-2024-05-13,20,gemini-1.5-pro-exp-0801,gpt-4o-2024-05-13,1.0,1430,forward,1.0,-0.0004195393807741233,0.0004195393807741233,0.5105001462005768,0.4894998537994232,0.00021412905415007025,0.04200676069447773,1430
vision_arena,Vision Arena,drop,drop,,gemini-1.5-pro-exp-0801,gpt-4o-2024-05-13,21,gemini-1.5-pro-exp-0801,gpt-4o-2024-05-13,1.0,1426,forward,1.0,-0.0004195393807741233,0.0004195393807741233,0.5105001462005768,0.4894998537994232,0.00021412905415007025,0.04200676069447773,1426
vision_arena,Vision Arena,drop,drop,,gemini-1.5-pro-exp-0801,gpt-4o-2024-05-13,22,gpt-4o-2024-05-13,gemini-1.5-pro-exp-0801,0.0,7001,forward,0.0,-0.0004195393807741233,0.0004195393807741233,0.4894998537994232,-0.4894998537994232,0.00021412905415007025,0.04200676069447773,7001
vision_arena,Vision Arena,drop,drop,,gemini-1.5-pro-exp-0801,gpt-4o-2024-05-13,23,gpt-4o-2024-05-13,gemini-1.5-pro-exp-0801,0.0,21816,forward,0.0,-0.0004195393807741233,0.0004195393807741233,0.4894998537994232,-0.4894998537994232,0.00021412905415007025,0.04200676069447773,21816
vision_arena,Vision Arena,drop,drop,,gemini-1.5-pro-exp-0801,gpt-4o-2024-05-13,24,gemini-1.5-pro-exp-0801,gpt-4o-2024-05-13,1.0,18932,reverse,1.0,-0.0004195393807741233,0.0004195393807741233,0.5105001462005768,0.4894998537994232,0.00021412905415007025,0.04200676069447773,48781
vision_arena,Vision Arena,drop,drop,,gemini-1.5-pro-exp-0801,gpt-4o-2024-05-13,25,gemini-1.5-pro-exp-0801,gpt-4o-2024-05-13,1.0,21734,forward,1.0,-0.0004195393807741233,0.0004195393807741233,0.5105001462005768,0.4894998537994232,0.00021412905415007025,0.04200676069447773,21734
vision_arena,Vision Arena,drop,drop,,gemini-1.5-pro-exp-0801,gpt-4o-2024-05-13,26,gemini-1.5-pro-exp-0801,gpt-4o-2024-05-13,1.0,14439,reverse,1.0,-0.0004195393807741233,0.0004195393807741233,0.5105001462005768,0.4894998537994232,0.00021412905415007025,0.04200676069447773,44288
vision_arena,Vision Arena,drop,drop,,gemini-1.5-pro-exp-0801,gpt-4o-2024-05-13,27,gemini-1.5-pro-exp-0801,gpt-4o-2024-05-13,1.0,11151,reverse,1.0,-0.0004195393807741233,0.0004195393807741233,0.5105001462005768,0.4894998537994232,0.00021412905415007025,0.04200676069447773,41000
vision_arena,Vision Arena,drop,drop,,gemini-1.5-pro-exp-0801,gpt-4o-2024-05-13,28,gpt-4o-2024-05-13,gemini-1.5-pro-exp-0801,0.0,1803,forward,0.0,-0.0004195393807741233,0.0004195393807741233,0.4894998537994232,-0.4894998537994232,0.00021412905415007025,0.04200676069447773,1803
vision_arena,Vision Arena,drop,drop,,gemini-1.5-pro-exp-0801,gpt-4o-2024-05-13,29,gemini-1.5-pro-exp-0801,gpt-4o-2024-05-13,1.0,19338,reverse,1.0,-0.0004195393807741233,0.0004195393807741233,0.5105001462005768,0.4894998537994232,0.00021412905415007025,0.04200676069447773,49187
vision_arena,Vision Arena,drop,drop,,gemini-1.5-pro-exp-0801,gpt-4o-2024-05-13,30,gemini-1.5-pro-exp-0801,gpt-4o-2024-05-13,1.0,4584,forward,1.0,-0.0004195393807741233,0.0004195393807741233,0.5105001462005768,0.4894998537994232,0.00021412905415007025,0.04200676069447773,4584
vision_arena,Vision Arena,drop,drop,,gemini-1.5-pro-exp-0801,gpt-4o-2024-05-13,31,gpt-4o-2024-05-13,gemini-1.5-pro-exp-0801,0.0,19186,forward,0.0,-0.0004195393807741233,0.0004195393807741233,0.4894998537994232,-0.4894998537994232,0.00021412905415007025,0.04200676069447773,19186
vision_arena,Vision Arena,drop,drop,,gemini-1.5-pro-exp-0801,gpt-4o-2024-05-13,32,gemini-1.5-pro-exp-0801,gpt-4o-2024-05-13,1.0,15723,forward,1.0,-0.0004195393807741233,0.0004195393807741233,0.5105001462005768,0.4894998537994232,0.00021412905415007025,0.04200676069447773,15723
vision_arena,Vision Arena,drop,drop,,gemini-1.5-pro-exp-0801,gpt-4o-2024-05-13,33,gpt-4o-2024-05-13,gemini-1.5-pro-exp-0801,0.0,6366,reverse,0.0,-0.0004195393807741233,0.0004195393807741233,0.4894998537994232,-0.4894998537994232,0.00021412905415007025,0.04200676069447773,36215
vision_arena,Vision Arena,drop,drop,,gemini-1.5-pro-exp-0801,gpt-4o-2024-05-13,34,gpt-4o-2024-05-13,gemini-1.5-pro-exp-0801,0.0,27923,reverse,0.0,-0.0004195393807741233,0.0004195393807741233,0.4894998537994232,-0.4894998537994232,0.00021412905415007025,0.04200676069447773,57772
vision_arena,Vision Arena,drop,drop,,gemini-1.5-pro-exp-0801,gpt-4o-2024-05-13,35,gpt-4o-2024-05-13,gemini-1.5-pro-exp-0801,0.0,2748,forward,0.0,-0.0004195393807741233,0.0004195393807741233,0.4894998537994232,-0.4894998537994232,0.00021412905415007025,0.04200676069447773,2748
vision_arena,Vision Arena,drop,drop,,gemini-1.5-pro-exp-0801,gpt-4o-2024-05-13,36,gpt-4o-2024-05-13,gemini-1.5-pro-exp-0801,0.0,25110,reverse,0.0,-0.0004195393807741233,0.0004195393807741233,0.4894998537994232,-0.4894998537994232,0.00021412905415007025,0.04200676069447773,54959
vision_arena,Vision Arena,drop,drop,,gemini-1.5-pro-exp-0801,gpt-4o-2024-05-13,37,gpt-4o-2024-05-13,gemini-1.5-pro-exp-0801,0.0,10599,reverse,0.0,-0.0004195393807741233,0.0004195393807741233,0.4894998537994232,-0.4894998537994232,0.00021412905415007025,0.04200676069447773,40448
vision_arena,Vision Arena,drop,drop,,gemini-1.5-pro-exp-0801,gpt-4o-2024-05-13,38,gemini-1.5-pro-exp-0801,gpt-4o-2024-05-13,1.0,12103,forward,1.0,-0.0004195393807741233,0.0004195393807741233,0.5105001462005768,0.4894998537994232,0.00021412905415007025,0.04200676069447773,12103
vision_arena,Vision Arena,drop,drop,,gemini-1.5-pro-exp-0801,gpt-4o-2024-05-13,39,gemini-1.5-pro-exp-0801,gpt-4o-2024-05-13,1.0,12080,forward,1.0,-0.0004195393807741233,0.0004195393807741233,0.5105001462005768,0.4894998537994232,0.00021412905415007025,0.04200676069447773,12080
vision_arena,Vision Arena,drop,drop,,gemini-1.5-pro-exp-0801,gpt-4o-2024-05-13,40,gemini-1.5-pro-exp-0801,gpt-4o-2024-05-13,1.0,12078,forward,1.0,-0.0004195393807741233,0.0004195393807741233,0.5105001462005768,0.4894998537994232,0.00021412905415007025,0.04200676069447773,12078
vision_arena,Vision Arena,drop,drop,,gemini-1.5-pro-exp-0801,gpt-4o-2024-05-13,41,gemini-1.5-pro-exp-0801,gpt-4o-2024-05-13,1.0,590,forward,1.0,-0.0004195393807741233,0.0004195393807741233,0.5105001462005768,0.4894998537994232,0.00021412905415007025,0.04200676069447773,590
vision_arena,Vision Arena,drop,drop,,gemini-1.5-pro-exp-0801,gpt-4o-2024-05-13,42,gemini-1.5-pro-exp-0801,gpt-4o-2024-05-13,1.0,17927,reverse,1.0,-0.0004195393807741233,0.0004195393807741233,0.5105001462005768,0.4894998537994232,0.00021412905415007025,0.04200676069447773,47776
vision_arena,Vision Arena,drop,drop,,gemini-1.5-pro-exp-0801,gpt-4o-2024-05-13,43,gpt-4o-2024-05-13,gemini-1.5-pro-exp-0801,0.0,21862,forward,0.0,-0.0004195393807741233,0.0004195393807741233,0.4894998537994232,-0.4894998537994232,0.00021412905415007025,0.04200676069447773,21862
vision_arena,Vision Arena,drop,drop,,gemini-1.5-pro-exp-0801,gpt-4o-2024-05-13,44,gemini-1.5-pro-exp-0801,gpt-4o-2024-05-13,1.0,21111,reverse,1.0,-0.0004195393807741233,0.0004195393807741233,0.5105001462005768,0.4894998537994232,0.00021412905415007025,0.04200676069447773,50960
vision_arena,Vision Arena,drop,drop,,gemini-1.5-pro-exp-0801,gpt-4o-2024-05-13,45,gemini-1.5-pro-exp-0801,gpt-4o-2024-05-13,1.0,1596,reverse,1.0,-0.0004195393807741233,0.0004195393807741233,0.5105001462005768,0.4894998537994232,0.00021412905415007025,0.04200676069447773,31445
vision_arena,Vision Arena,drop,drop,,gemini-1.5-pro-exp-0801,gpt-4o-2024-05-13,46,gpt-4o-2024-05-13,gemini-1.5-pro-exp-0801,0.0,1589,reverse,0.0,-0.0004195393807741233,0.0004195393807741233,0.4894998537994232,-0.4894998537994232,0.00021412905415007025,0.04200676069447773,31438
vision_arena,Vision Arena,drop,drop,,gemini-1.5-pro-exp-0801,gpt-4o-2024-05-13,47,gpt-4o-2024-05-13,gemini-1.5-pro-exp-0801,0.0,12207,forward,0.0,-0.0004195393807741233,0.0004195393807741233,0.4894998537994232,-0.4894998537994232,0.00021412905415007025,0.04200676069447773,12207
vision_arena,Vision Arena,drop,drop,,gemini-1.5-pro-exp-0801,gpt-4o-2024-05-13,48,gemini-1.5-pro-exp-0801,gpt-4o-2024-05-13,1.0,8994,forward,1.0,-0.0004195393807741233,0.0004195393807741233,0.5105001462005768,0.4894998537994232,0.00021412905415007025,0.04200676069447773,8994
vision_arena,Vision Arena,drop,drop,,gemini-1.5-pro-exp-0801,gpt-4o-2024-05-13,49,gemini-1.5-pro-exp-0801,gpt-4o-2024-05-13,1.0,19197,forward,1.0,-0.0004195393807741233,0.0004195393807741233,0.5105001462005768,0.4894998537994232,0.00021412905415007025,0.04200676069447773,19197
vision_arena,Vision Arena,drop,drop,,gemini-1.5-pro-exp-0801,gpt-4o-2024-05-13,50,gemini-1.5-pro-exp-0801,gpt-4o-2024-05-13,1.0,19285,forward,1.0,-0.0004195393807741233,0.0004195393807741233,0.5105001462005768,0.4894998537994232,0.00021412905415007025,0.04200676069447773,19285
vision_arena,Vision Arena,drop,drop,,gemini-1.5-pro-exp-0801,gpt-4o-2024-05-13,51,gemini-1.5-pro-exp-0801,gpt-4o-2024-05-13,1.0,8913,forward,1.0,-0.0004195393807741233,0.0004195393807741233,0.5105001462005768,0.4894998537994232,0.00021412905415007025,0.04200676069447773,8913
vision_arena,Vision Arena,drop,drop,,gemini-1.5-pro-exp-0801,gpt-4o-2024-05-13,52,gemini-1.5-pro-exp-0801,gpt-4o-2024-05-13,1.0,9177,reverse,1.0,-0.0004195393807741233,0.0004195393807741233,0.5105001462005768,0.4894998537994232,0.00021412905415007025,0.04200676069447773,39026
vision_arena,Vision Arena,drop,drop,,gemini-1.5-pro-exp-0801,gpt-4o-2024-05-13,53,gemini-1.5-pro-exp-0801,gpt-4o-2024-05-13,1.0,19222,forward,1.0,-0.0004195393807741233,0.0004195393807741233,0.5105001462005768,0.4894998537994232,0.00021412905415007025,0.04200676069447773,19222
vision_arena,Vision Arena,drop,drop,,gemini-1.5-pro-exp-0801,gpt-4o-2024-05-13,54,gpt-4o-2024-05-13,gemini-1.5-pro-exp-0801,0.0,21929,forward,0.0,-0.0004195393807741233,0.0004195393807741233,0.4894998537994232,-0.4894998537994232,0.00021412905415007025,0.04200676069447773,21929
vision_arena,Vision Arena,drop,drop,,gemini-1.5-pro-exp-0801,gpt-4o-2024-05-13,55,gemini-1.5-pro-exp-0801,gpt-4o-2024-05-13,1.0,6920,forward,1.0,-0.0004195393807741233,0.0004195393807741233,0.5105001462005768,0.4894998537994232,0.00021412905415007025,0.04200676069447773,6920
vision_arena,Vision Arena,drop,drop,,gemini-1.5-pro-exp-0801,gpt-4o-2024-05-13,56,gemini-1.5-pro-exp-0801,gpt-4o-2024-05-13,1.0,21890,forward,1.0,-0.0004195393807741233,0.0004195393807741233,0.5105001462005768,0.4894998537994232,0.00021412905415007025,0.04200676069447773,21890
vision_arena,Vision Arena,drop,drop,,gemini-1.5-pro-exp-0801,gpt-4o-2024-05-13,57,gemini-1.5-pro-exp-0801,gpt-4o-2024-05-13,1.0,12148,forward,1.0,-0.0004195393807741233,0.0004195393807741233,0.5105001462005768,0.4894998537994232,0.00021412905415007025,0.04200676069447773,12148
vision_arena,Vision Arena,drop,drop,,gemini-1.5-pro-exp-0801,gpt-4o-2024-05-13,58,gemini-1.5-pro-exp-0801,gpt-4o-2024-05-13,1.0,14873,forward,1.0,-0.0004195393807741233,0.0004195393807741233,0.5105001462005768,0.4894998537994232,0.00021412905415007025,0.04200676069447773,14873
vision_arena,Vision Arena,drop,drop,,gemini-1.5-pro-exp-0801,gpt-4o-2024-05-13,59,gpt-4o-2024-05-13,gemini-1.5-pro-exp-0801,0.0,14872,forward,0.0,-0.0004195393807741233,0.0004195393807741233,0.4894998537994232,-0.4894998537994232,0.00021412905415007025,0.04200676069447773,14872
vision_arena,Vision Arena,drop,drop,,gemini-1.5-pro-exp-0801,gpt-4o-2024-05-13,60,gemini-1.5-pro-exp-0801,gpt-4o-2024-05-13,1.0,10572,reverse,1.0,-0.0004195393807741233,0.0004195393807741233,0.5105001462005768,0.4894998537994232,0.00021412905415007025,0.04200676069447773,40421
vision_arena,Vision Arena,drop,drop,,gemini-1.5-pro-exp-0801,gpt-4o-2024-05-13,61,gemini-1.5-pro-exp-0801,gpt-4o-2024-05-13,1.0,25110,forward,1.0,-0.0004195393807741233,0.0004195393807741233,0.5105001462005768,0.4894998537994232,0.00021412905415007025,0.04200676069447773,25110
vision_arena,Vision Arena,drop,drop,,gemini-1.5-pro-exp-0801,gpt-4o-2024-05-13,62,gemini-1.5-pro-exp-0801,gpt-4o-2024-05-13,1.0,17977,forward,1.0,-0.0004195393807741233,0.0004195393807741233,0.5105001462005768,0.4894998537994232,0.00021412905415007025,0.04200676069447773,17977
vision_arena,Vision Arena,drop,drop,,gemini-1.5-pro-exp-0801,gpt-4o-2024-05-13,63,gemini-1.5-pro-exp-0801,gpt-4o-2024-05-13,1.0,8257,reverse,1.0,-0.0004195393807741233,0.0004195393807741233,0.5105001462005768,0.4894998537994232,0.00021412905415007025,0.04200676069447773,38106
vision_arena,Vision Arena,drop,drop,,gemini-1.5-pro-exp-0801,gpt-4o-2024-05-13,64,gemini-1.5-pro-exp-0801,gpt-4o-2024-05-13,1.0,8249,reverse,1.0,-0.0004195393807741233,0.0004195393807741233,0.5105001462005768,0.4894998537994232,0.00021412905415007025,0.04200676069447773,38098
vision_arena,Vision Arena,drop,drop,,gemini-1.5-pro-exp-0801,gpt-4o-2024-05-13,65,gpt-4o-2024-05-13,gemini-1.5-pro-exp-0801,0.0,24340,forward,0.0,-0.0004195393807741233,0.0004195393807741233,0.4894998537994232,-0.4894998537994232,0.00021412905415007025,0.04200676069447773,24340
vision_arena,Vision Arena,drop,drop,,gemini-1.5-pro-exp-0801,gpt-4o-2024-05-13,66,gpt-4o-2024-05-13,gemini-1.5-pro-exp-0801,0.0,19222,reverse,0.0,-0.0004195393807741233,0.0004195393807741233,0.4894998537994232,-0.4894998537994232,0.00021412905415007025,0.04200676069447773,49071
vision_arena,Vision Arena,drop,drop,,gemini-1.5-pro-exp-0801,gpt-4o-2024-05-13,67,gemini-1.5-pro-exp-0801,gpt-4o-2024-05-13,1.0,25387,reverse,1.0,-0.0004195393807741233,0.0004195393807741233,0.5105001462005768,0.4894998537994232,0.00021412905415007025,0.04200676069447773,55236
vision_arena,Vision Arena,drop,drop,,gemini-1.5-pro-exp-0801,gpt-4o-2024-05-13,68,gemini-1.5-pro-exp-0801,gpt-4o-2024-05-13,1.0,25385,reverse,1.0,-0.0004195393807741233,0.0004195393807741233,0.5105001462005768,0.4894998537994232,0.00021412905415007025,0.04200676069447773,55234
vision_arena,Vision Arena,drop,drop,,gemini-1.5-pro-exp-0801,gpt-4o-2024-05-13,69,gemini-1.5-pro-exp-0801,gpt-4o-2024-05-13,1.0,15867,forward,1.0,-0.0004195393807741233,0.0004195393807741233,0.5105001462005768,0.4894998537994232,0.00021412905415007025,0.04200676069447773,15867
vision_arena,Vision Arena,drop,drop,,gemini-1.5-pro-exp-0801,gpt-4o-2024-05-13,70,gemini-1.5-pro-exp-0801,gpt-4o-2024-05-13,1.0,107,reverse,1.0,-0.0004195393807741233,0.0004195393807741233,0.5105001462005768,0.4894998537994232,0.00021412905415007025,0.04200676069447773,29956
vision_arena,Vision Arena,drop,drop,,gemini-1.5-pro-exp-0801,gpt-4o-2024-05-13,71,gemini-1.5-pro-exp-0801,gpt-4o-2024-05-13,1.0,18056,reverse,1.0,-0.0004195393807741233,0.0004195393807741233,0.5105001462005768,0.4894998537994232,0.00021412905415007025,0.04200676069447773,47905
vision_arena,Vision Arena,drop,drop,,gemini-1.5-pro-exp-0801,gpt-4o-2024-05-13,72,gemini-1.5-pro-exp-0801,gpt-4o-2024-05-13,1.0,6280,forward,1.0,-0.0004195393807741233,0.0004195393807741233,0.5105001462005768,0.4894998537994232,0.00021412905415007025,0.04200676069447773,6280
vision_arena,Vision Arena,drop,drop,,gemini-1.5-pro-exp-0801,gpt-4o-2024-05-13,73,gemini-1.5-pro-exp-0801,gpt-4o-2024-05-13,1.0,13137,reverse,1.0,-0.0004195393807741233,0.0004195393807741233,0.5105001462005768,0.4894998537994232,0.00021412905415007025,0.04200676069447773,42986
vision_arena,Vision Arena,drop,drop,,gemini-1.5-pro-exp-0801,gpt-4o-2024-05-13,74,gemini-1.5-pro-exp-0801,gpt-4o-2024-05-13,1.0,6300,forward,1.0,-0.0004195393807741233,0.0004195393807741233,0.5105001462005768,0.4894998537994232,0.00021412905415007025,0.04200676069447773,6300
vision_arena,Vision Arena,drop,drop,,gemini-1.5-pro-exp-0801,gpt-4o-2024-05-13,75,gpt-4o-2024-05-13,gemini-1.5-pro-exp-0801,0.0,6289,forward,0.0,-0.0004195393807741233,0.0004195393807741233,0.4894998537994232,-0.4894998537994232,0.00021412905415007025,0.04200676069447773,6289
vision_arena,Vision Arena,drop,drop,,gemini-1.5-pro-exp-0801,gpt-4o-2024-05-13,76,gemini-1.5-pro-exp-0801,gpt-4o-2024-05-13,1.0,9816,forward,1.0,-0.0004195393807741233,0.0004195393807741233,0.5105001462005768,0.4894998537994232,0.00021412905415007025,0.04200676069447773,9816
vision_arena,Vision Arena,drop,drop,,gemini-1.5-pro-exp-0801,gpt-4o-2024-05-13,77,gemini-1.5-pro-exp-0801,gpt-4o-2024-05-13,1.0,17998,forward,1.0,-0.0004195393807741233,0.0004195393807741233,0.5105001462005768,0.4894998537994232,0.00021412905415007025,0.04200676069447773,17998
vision_arena,Vision Arena,drop,drop,,gemini-1.5-pro-exp-0801,gpt-4o-2024-05-13,78,gpt-4o-2024-05-13,gemini-1.5-pro-exp-0801,0.0,21633,forward,0.0,-0.0004195393807741233,0.0004195393807741233,0.4894998537994232,-0.4894998537994232,0.00021412905415007025,0.04200676069447773,21633
vision_arena,Vision Arena,drop,drop,,gemini-1.5-pro-exp-0801,gpt-4o-2024-05-13,79,gemini-1.5-pro-exp-0801,gpt-4o-2024-05-13,1.0,21588,reverse,1.0,-0.0004195393807741233,0.0004195393807741233,0.5105001462005768,0.4894998537994232,0.00021412905415007025,0.04200676069447773,51437
vision_arena,Vision Arena,drop,drop,,gemini-1.5-pro-exp-0801,gpt-4o-2024-05-13,80,gpt-4o-2024-05-13,gemini-1.5-pro-exp-0801,0.0,7306,reverse,0.0,-0.0004195393807741233,0.0004195393807741233,0.4894998537994232,-0.4894998537994232,0.00021412905415007025,0.04200676069447773,37155
vision_arena,Vision Arena,drop,drop,,gemini-1.5-pro-exp-0801,gpt-4o-2024-05-13,81,gemini-1.5-pro-exp-0801,gpt-4o-2024-05-13,1.0,13016,reverse,1.0,-0.0004195393807741233,0.0004195393807741233,0.5105001462005768,0.4894998537994232,0.00021412905415007025,0.04200676069447773,42865
vision_arena,Vision Arena,drop,drop,,gemini-1.5-pro-exp-0801,gpt-4o-2024-05-13,82,gpt-4o-2024-05-13,gemini-1.5-pro-exp-0801,0.0,25334,reverse,0.0,-0.0004195393807741233,0.0004195393807741233,0.4894998537994232,-0.4894998537994232,0.00021412905415007025,0.04200676069447773,55183
vision_arena,Vision Arena,drop,drop,,gemini-1.5-pro-exp-0801,gpt-4o-2024-05-13,83,gemini-1.5-pro-exp-0801,gpt-4o-2024-05-13,1.0,14618,reverse,1.0,-0.0004195393807741233,0.0004195393807741233,0.5105001462005768,0.4894998537994232,0.00021412905415007025,0.04200676069447773,44467
vision_arena,Vision Arena,drop,drop,,gemini-1.5-pro-exp-0801,gpt-4o-2024-05-13,84,gemini-1.5-pro-exp-0801,gpt-4o-2024-05-13,1.0,4504,forward,1.0,-0.0004195393807741233,0.0004195393807741233,0.5105001462005768,0.4894998537994232,0.00021412905415007025,0.04200676069447773,4504
vision_arena,Vision Arena,drop,drop,,gemini-1.5-pro-exp-0801,gpt-4o-2024-05-13,85,gemini-1.5-pro-exp-0801,gpt-4o-2024-05-13,1.0,4489,forward,1.0,-0.0004195393807741233,0.0004195393807741233,0.5105001462005768,0.4894998537994232,0.00021412905415007025,0.04200676069447773,4489
vision_arena,Vision Arena,drop,drop,,gemini-1.5-pro-exp-0801,gpt-4o-2024-05-13,86,gemini-1.5-pro-exp-0801,gpt-4o-2024-05-13,1.0,4449,forward,1.0,-0.0004195393807741233,0.0004195393807741233,0.5105001462005768,0.4894998537994232,0.00021412905415007025,0.04200676069447773,4449
vision_arena,Vision Arena,drop,drop,,gemini-1.5-pro-exp-0801,gpt-4o-2024-05-13,87,gemini-1.5-pro-exp-0801,gpt-4o-2024-05-13,1.0,24952,reverse,1.0,-0.0004195393807741233,0.0004195393807741233,0.5105001462005768,0.4894998537994232,0.00021412905415007025,0.04200676069447773,54801
vision_arena,Vision Arena,drop,drop,,gemini-1.5-pro-exp-0801,gpt-4o-2024-05-13,88,gemini-1.5-pro-exp-0801,gpt-4o-2024-05-13,1.0,14040,reverse,1.0,-0.0004195393807741233,0.0004195393807741233,0.5105001462005768,0.4894998537994232,0.00021412905415007025,0.04200676069447773,43889
vision_arena,Vision Arena,drop,drop,,gemini-1.5-pro-exp-0801,gpt-4o-2024-05-13,89,gemini-1.5-pro-exp-0801,gpt-4o-2024-05-13,1.0,14379,forward,1.0,-0.0004195393807741233,0.0004195393807741233,0.5105001462005768,0.4894998537994232,0.00021412905415007025,0.04200676069447773,14379
vision_arena,Vision Arena,drop,drop,,gemini-1.5-pro-exp-0801,gpt-4o-2024-05-13,90,gemini-1.5-pro-exp-0801,gpt-4o-2024-05-13,1.0,12527,forward,1.0,-0.0004195393807741233,0.0004195393807741233,0.5105001462005768,0.4894998537994232,0.00021412905415007025,0.04200676069447773,12527
vision_arena,Vision Arena,drop,drop,,gemini-1.5-pro-exp-0801,gpt-4o-2024-05-13,91,gemini-1.5-pro-exp-0801,gpt-4o-2024-05-13,1.0,29629,reverse,1.0,-0.0004195393807741233,0.0004195393807741233,0.5105001462005768,0.4894998537994232,0.00021412905415007025,0.04200676069447773,59478
vision_arena,Vision Arena,drop,drop,,gemini-1.5-pro-exp-0801,gpt-4o-2024-05-13,92,gemini-1.5-pro-exp-0801,gpt-4o-2024-05-13,1.0,21315,reverse,1.0,-0.0004195393807741233,0.0004195393807741233,0.5105001462005768,0.4894998537994232,0.00021412905415007025,0.04200676069447773,51164
vision_arena,Vision Arena,drop,drop,,gemini-1.5-pro-exp-0801,gpt-4o-2024-05-13,93,gemini-1.5-pro-exp-0801,gpt-4o-2024-05-13,1.0,14601,forward,1.0,-0.0004195393807741233,0.0004195393807741233,0.5105001462005768,0.4894998537994232,0.00021412905415007025,0.04200676069447773,14601
vision_arena,Vision Arena,drop,drop,,gemini-1.5-pro-exp-0801,gpt-4o-2024-05-13,94,gpt-4o-2024-05-13,gemini-1.5-pro-exp-0801,0.0,12244,forward,0.0,-0.0004195393807741233,0.0004195393807741233,0.4894998537994232,-0.4894998537994232,0.00021412905415007025,0.04200676069447773,12244
vision_arena,Vision Arena,drop,drop,,gemini-1.5-pro-exp-0801,gpt-4o-2024-05-13,95,gemini-1.5-pro-exp-0801,gpt-4o-2024-05-13,1.0,6471,reverse,1.0,-0.0004195393807741233,0.0004195393807741233,0.5105001462005768,0.4894998537994232,0.00021412905415007025,0.04200676069447773,36320
vision_arena,Vision Arena,drop,drop,,gemini-1.5-pro-exp-0801,gpt-4o-2024-05-13,96,gemini-1.5-pro-exp-0801,gpt-4o-2024-05-13,1.0,14872,reverse,1.0,-0.0004195393807741233,0.0004195393807741233,0.5105001462005768,0.4894998537994232,0.00021412905415007025,0.04200676069447773,44721
vision_arena,Vision Arena,drop,drop,,gemini-1.5-pro-exp-0801,gpt-4o-2024-05-13,97,gemini-1.5-pro-exp-0801,gpt-4o-2024-05-13,1.0,8110,reverse,1.0,-0.0004195393807741233,0.0004195393807741233,0.5105001462005768,0.4894998537994232,0.00021412905415007025,0.04200676069447773,37959
vision_arena,Vision Arena,drop,drop,,gemini-1.5-pro-exp-0801,gpt-4o-2024-05-13,98,gpt-4o-2024-05-13,gemini-1.5-pro-exp-0801,0.0,13242,reverse,0.0,-0.0004195393807741233,0.0004195393807741233,0.4894998537994232,-0.4894998537994232,0.00021412905415007025,0.04200676069447773,43091
vision_arena,Vision Arena,drop,drop,,gemini-1.5-pro-exp-0801,gpt-4o-2024-05-13,99,gpt-4o-2024-05-13,gemini-1.5-pro-exp-0801,0.0,25228,forward,0.0,-0.0004195393807741233,0.0004195393807741233,0.4894998537994232,-0.4894998537994232,0.00021412905415007025,0.04200676069447773,25228
vision_arena,Vision Arena,drop,drop,,gemini-1.5-pro-exp-0801,gpt-4o-2024-05-13,100,gemini-1.5-pro-exp-0801,gpt-4o-2024-05-13,1.0,28504,reverse,1.0,-0.0004195393807741233,0.0004195393807741233,0.5105001462005768,0.4894998537994232,0.00021412905415007025,0.04200676069447773,58353
vision_arena,Vision Arena,drop,drop,,gemini-1.5-pro-exp-0801,gpt-4o-2024-05-13,101,gemini-1.5-pro-exp-0801,gpt-4o-2024-05-13,1.0,1803,reverse,1.0,-0.0004195393807741233,0.0004195393807741233,0.5105001462005768,0.4894998537994232,0.00021412905415007025,0.04200676069447773,31652
vision_arena,Vision Arena,drop,drop,,gemini-1.5-pro-exp-0801,gpt-4o-2024-05-13,102,gpt-4o-2024-05-13,gemini-1.5-pro-exp-0801,0.0,14618,forward,0.0,-0.0004195393807741233,0.0004195393807741233,0.4894998537994232,-0.4894998537994232,0.00021412905415007025,0.04200676069447773,14618
vision_arena,Vision Arena,drop,drop,,gemini-1.5-pro-exp-0801,gpt-4o-2024-05-13,103,gpt-4o-2024-05-13,gemini-1.5-pro-exp-0801,0.0,6471,forward,0.0,-0.0004195393807741233,0.0004195393807741233,0.4894998537994232,-0.4894998537994232,0.00021412905415007025,0.04200676069447773,6471
vision_arena,Vision Arena,drop,drop,,gemini-1.5-pro-exp-0801,gpt-4o-2024-05-13,104,gemini-1.5-pro-exp-0801,gpt-4o-2024-05-13,1.0,9686,reverse,1.0,-0.0004195393807741233,0.0004195393807741233,0.5105001462005768,0.4894998537994232,0.00021412905415007025,0.04200676069447773,39535
vision_arena,Vision Arena,drop,drop,,gemini-1.5-pro-exp-0801,gpt-4o-2024-05-13,105,gemini-1.5-pro-exp-0801,gpt-4o-2024-05-13,1.0,25228,reverse,1.0,-0.0004195393807741233,0.0004195393807741233,0.5105001462005768,0.4894998537994232,0.00021412905415007025,0.04200676069447773,55077
vision_arena,Vision Arena,drop,drop,,gemini-1.5-pro-exp-0801,gpt-4o-2024-05-13,106,gpt-4o-2024-05-13,gemini-1.5-pro-exp-0801,0.0,18189,reverse,0.0,-0.0004195393807741233,0.0004195393807741233,0.4894998537994232,-0.4894998537994232,0.00021412905415007025,0.04200676069447773,48038
vision_arena,Vision Arena,drop,drop,,gemini-1.5-pro-exp-0801,gpt-4o-2024-05-13,107,gemini-1.5-pro-exp-0801,gpt-4o-2024-05-13,1.0,13242,forward,1.0,-0.0004195393807741233,0.0004195393807741233,0.5105001462005768,0.4894998537994232,0.00021412905415007025,0.04200676069447773,13242
vision_arena,Vision Arena,drop,drop,,gemini-1.5-pro-exp-0801,gpt-4o-2024-05-13,108,gemini-1.5-pro-exp-0801,gpt-4o-2024-05-13,1.0,141,forward,1.0,-0.0004195393807741233,0.0004195393807741233,0.5105001462005768,0.4894998537994232,0.00021412905415007025,0.04200676069447773,141
vision_arena,Vision Arena,drop,drop,,gemini-1.5-pro-exp-0801,gpt-4o-2024-05-13,109,gpt-4o-2024-05-13,gemini-1.5-pro-exp-0801,0.0,13137,forward,0.0,-0.0004195393807741233,0.0004195393807741233,0.4894998537994232,-0.4894998537994232,0.00021412905415007025,0.04200676069447773,13137
vision_arena,Vision Arena,drop,drop,,gemini-1.5-pro-exp-0801,gpt-4o-2024-05-13,110,gpt-4o-2024-05-13,gemini-1.5-pro-exp-0801,0.0,17977,reverse,0.0,-0.0004195393807741233,0.0004195393807741233,0.4894998537994232,-0.4894998537994232,0.00021412905415007025,0.04200676069447773,47826
vision_arena,Vision Arena,drop,drop,,gemini-1.5-pro-exp-0801,gpt-4o-2024-05-13,111,gemini-1.5-pro-exp-0801,gpt-4o-2024-05-13,1.0,12207,reverse,1.0,-0.0004195393807741233,0.0004195393807741233,0.5105001462005768,0.4894998537994232,0.00021412905415007025,0.04200676069447773,42056
vision_arena,Vision Arena,drop,drop,,gemini-1.5-pro-exp-0801,gpt-4o-2024-05-13,112,gemini-1.5-pro-exp-0801,gpt-4o-2024-05-13,1.0,12244,reverse,1.0,-0.0004195393807741233,0.0004195393807741233,0.5105001462005768,0.4894998537994232,0.00021412905415007025,0.04200676069447773,42093
vision_arena,Vision Arena,drop,drop,,gemini-1.5-pro-exp-0801,gpt-4o-2024-05-13,113,gpt-4o-2024-05-13,gemini-1.5-pro-exp-0801,0.0,4504,reverse,0.0,-0.0004195393807741233,0.0004195393807741233,0.4894998537994232,-0.4894998537994232,0.00021412905415007025,0.04200676069447773,34353
vision_arena,Vision Arena,drop,drop,,gemini-1.5-pro-exp-0801,gpt-4o-2024-05-13,114,gpt-4o-2024-05-13,gemini-1.5-pro-exp-0801,0.0,14379,reverse,0.0,-0.0004195393807741233,0.0004195393807741233,0.4894998537994232,-0.4894998537994232,0.00021412905415007025,0.04200676069447773,44228
vision_arena,Vision Arena,drop,drop,,gemini-1.5-pro-exp-0801,gpt-4o-2024-05-13,115,gemini-1.5-pro-exp-0801,gpt-4o-2024-05-13,1.0,15782,reverse,1.0,-0.0004195393807741233,0.0004195393807741233,0.5105001462005768,0.4894998537994232,0.00021412905415007025,0.04200676069447773,45631
vision_arena,Vision Arena,drop,drop,,gemini-1.5-pro-exp-0801,gpt-4o-2024-05-13,116,gemini-1.5-pro-exp-0801,gpt-4o-2024-05-13,1.0,6366,forward,1.0,-0.0004195393807741233,0.0004195393807741233,0.5105001462005768,0.4894998537994232,0.00021412905415007025,0.04200676069447773,6366
vision_arena,Vision Arena,drop,drop,,gemini-1.5-pro-exp-0801,gpt-4o-2024-05-13,117,gemini-1.5-pro-exp-0801,gpt-4o-2024-05-13,1.0,1589,forward,1.0,-0.0004195393807741233,0.0004195393807741233,0.5105001462005768,0.4894998537994232,0.00021412905415007025,0.04200676069447773,1589
vision_arena,Vision Arena,drop,drop,,gemini-1.5-pro-exp-0801,gpt-4o-2024-05-13,118,gpt-4o-2024-05-13,gemini-1.5-pro-exp-0801,0.0,18056,forward,0.0,-0.0004195393807741233,0.0004195393807741233,0.4894998537994232,-0.4894998537994232,0.00021412905415007025,0.04200676069447773,18056
vision_arena,Vision Arena,drop,drop,,gemini-1.5-pro-exp-0801,gpt-4o-2024-05-13,119,gpt-4o-2024-05-13,gemini-1.5-pro-exp-0801,0.0,6300,reverse,0.0,-0.0004195393807741233,0.0004195393807741233,0.4894998537994232,-0.4894998537994232,0.00021412905415007025,0.04200676069447773,36149
vision_arena,Vision Arena,drop,drop,,gemini-1.5-pro-exp-0801,gpt-4o-2024-05-13,120,gpt-4o-2024-05-13,gemini-1.5-pro-exp-0801,0.0,9177,forward,0.0,-0.0004195393807741233,0.0004195393807741233,0.4894998537994232,-0.4894998537994232,0.00021412905415007025,0.04200676069447773,9177
vision_arena,Vision Arena,drop,drop,,gemini-1.5-pro-exp-0801,gpt-4o-2024-05-13,121,gpt-4o-2024-05-13,gemini-1.5-pro-exp-0801,0.0,19197,reverse,0.0,-0.0004195393807741233,0.0004195393807741233,0.4894998537994232,-0.4894998537994232,0.00021412905415007025,0.04200676069447773,49046
vision_arena,Vision Arena,drop,drop,,gemini-1.5-pro-exp-0801,gpt-4o-2024-05-13,122,gpt-4o-2024-05-13,gemini-1.5-pro-exp-0801,0.0,18126,reverse,0.0,-0.0004195393807741233,0.0004195393807741233,0.4894998537994232,-0.4894998537994232,0.00021412905415007025,0.04200676069447773,47975
vision_arena,Vision Arena,drop,drop,,gemini-1.5-pro-exp-0801,gpt-4o-2024-05-13,123,gemini-1.5-pro-exp-0801,gpt-4o-2024-05-13,1.0,5047,reverse,1.0,-0.0004195393807741233,0.0004195393807741233,0.5105001462005768,0.4894998537994232,0.00021412905415007025,0.04200676069447773,34896
vision_arena,Vision Arena,drop,drop,,gemini-1.5-pro-exp-0801,gpt-4o-2024-05-13,124,gpt-4o-2024-05-13,gemini-1.5-pro-exp-0801,0.0,24462,reverse,0.0,-0.0004195393807741233,0.0004195393807741233,0.4894998537994232,-0.4894998537994232,0.00021412905415007025,0.04200676069447773,54311
vision_arena,Vision Arena,drop,drop,,gemini-1.5-pro-exp-0801,gpt-4o-2024-05-13,125,gemini-1.5-pro-exp-0801,gpt-4o-2024-05-13,1.0,9783,reverse,1.0,-0.0004195393807741233,0.0004195393807741233,0.5105001462005768,0.4894998537994232,0.00021412905415007025,0.04200676069447773,39632
vision_arena,Vision Arena,drop,drop,,gemini-1.5-pro-exp-0801,gpt-4o-2024-05-13,126,gemini-1.5-pro-exp-0801,gpt-4o-2024-05-13,1.0,21929,reverse,1.0,-0.0004195393807741233,0.0004195393807741233,0.5105001462005768,0.4894998537994232,0.00021412905415007025,0.04200676069447773,51778
vision_arena,Vision Arena,drop,drop,,gemini-1.5-pro-exp-0801,gpt-4o-2024-05-13,127,gpt-4o-2024-05-13,gemini-1.5-pro-exp-0801,0.0,6920,reverse,0.0,-0.0004195393807741233,0.0004195393807741233,0.4894998537994232,-0.4894998537994232,0.00021412905415007025,0.04200676069447773,36769
vision_arena,Vision Arena,drop,drop,,gemini-1.5-pro-exp-0801,gpt-4o-2024-05-13,128,gemini-1.5-pro-exp-0801,gpt-4o-2024-05-13,1.0,21816,reverse,1.0,-0.0004195393807741233,0.0004195393807741233,0.5105001462005768,0.4894998537994232,0.00021412905415007025,0.04200676069447773,51665
vision_arena,Vision Arena,drop,drop,,gemini-1.5-pro-exp-0801,gpt-4o-2024-05-13,129,gemini-1.5-pro-exp-0801,gpt-4o-2024-05-13,1.0,21862,reverse,1.0,-0.0004195393807741233,0.0004195393807741233,0.5105001462005768,0.4894998537994232,0.00021412905415007025,0.04200676069447773,51711
vision_arena,Vision Arena,drop,drop,,gemini-1.5-pro-exp-0801,gpt-4o-2024-05-13,130,gpt-4o-2024-05-13,gemini-1.5-pro-exp-0801,0.0,107,forward,0.0,-0.0004195393807741233,0.0004195393807741233,0.4894998537994232,-0.4894998537994232,0.00021412905415007025,0.04200676069447773,107
vision_arena,Vision Arena,drop,drop,,gemini-1.5-pro-exp-0801,gpt-4o-2024-05-13,131,gemini-1.5-pro-exp-0801,gpt-4o-2024-05-13,1.0,2748,reverse,1.0,-0.0004195393807741233,0.0004195393807741233,0.5105001462005768,0.4894998537994232,0.00021412905415007025,0.04200676069447773,32597
vision_arena,Vision Arena,drop,drop,,gemini-1.5-pro-exp-0801,gpt-4o-2024-05-13,132,gemini-1.5-pro-exp-0801,gpt-4o-2024-05-13,1.0,10599,forward,1.0,-0.0004195393807741233,0.0004195393807741233,0.5105001462005768,0.4894998537994232,0.00021412905415007025,0.04200676069447773,10599
vision_arena,Vision Arena,drop,drop,,gemini-1.5-pro-exp-0801,gpt-4o-2024-05-13,133,gpt-4o-2024-05-13,gemini-1.5-pro-exp-0801,0.0,29629,forward,0.0,-0.0004195393807741233,0.0004195393807741233,0.4894998537994232,-0.4894998537994232,0.00021412905415007025,0.04200676069447773,29629
vision_arena,Vision Arena,drop,drop,,gemini-1.5-pro-exp-0801,gpt-4o-2024-05-13,134,gemini-1.5-pro-exp-0801,gpt-4o-2024-05-13,1.0,19186,reverse,1.0,-0.0004195393807741233,0.0004195393807741233,0.5105001462005768,0.4894998537994232,0.00021412905415007025,0.04200676069447773,49035
vision_arena,Vision Arena,drop,drop,,gemini-1.5-pro-exp-0801,gpt-4o-2024-05-13,135,gemini-1.5-pro-exp-0801,gpt-4o-2024-05-13,1.0,21633,reverse,1.0,-0.0004195393807741233,0.0004195393807741233,0.5105001462005768,0.4894998537994232,0.00021412905415007025,0.04200676069447773,51482
vision_arena,Vision Arena,drop,drop,,gemini-1.5-pro-exp-0801,gpt-4o-2024-05-13,136,gemini-1.5-pro-exp-0801,gpt-4o-2024-05-13,1.0,25334,forward,1.0,-0.0004195393807741233,0.0004195393807741233,0.5105001462005768,0.4894998537994232,0.00021412905415007025,0.04200676069447773,25334
vision_arena,Vision Arena,drop,drop,,gemini-1.5-pro-exp-0801,gpt-4o-2024-05-13,137,gemini-1.5-pro-exp-0801,gpt-4o-2024-05-13,1.0,27923,forward,1.0,-0.0004195393807741233,0.0004195393807741233,0.5105001462005768,0.4894998537994232,0.00021412905415007025,0.04200676069447773,27923
vision_arena,Vision Arena,drop,drop,,gemini-1.5-pro-exp-0801,gpt-4o-2024-05-13,138,gemini-1.5-pro-exp-0801,gpt-4o-2024-05-13,1.0,7306,forward,1.0,-0.0004195393807741233,0.0004195393807741233,0.5105001462005768,0.4894998537994232,0.00021412905415007025,0.04200676069447773,7306
vision_arena,Vision Arena,drop,drop,,gemini-1.5-pro-exp-0801,gpt-4o-2024-05-13,139,gpt-4o-2024-05-13,gemini-1.5-pro-exp-0801,0.0,25385,forward,0.0,-0.0004195393807741233,0.0004195393807741233,0.4894998537994232,-0.4894998537994232,0.00021412905415007025,0.04200676069447773,25385
vision_arena,Vision Arena,drop,drop,,gemini-1.5-pro-exp-0801,gpt-4o-2024-05-13,140,gemini-1.5-pro-exp-0801,gpt-4o-2024-05-13,1.0,24340,reverse,1.0,-0.0004195393807741233,0.0004195393807741233,0.5105001462005768,0.4894998537994232,0.00021412905415007025,0.04200676069447773,54189
vision_arena,Vision Arena,drop,drop,,gemini-1.5-pro-exp-0801,gpt-4o-2024-05-13,141,gemini-1.5-pro-exp-0801,gpt-4o-2024-05-13,1.0,21236,forward,1.0,-0.0004195393807741233,0.0004195393807741233,0.5105001462005768,0.4894998537994232,0.00021412905415007025,0.04200676069447773,21236
vision_arena,Vision Arena,drop,drop,,gemini-1.5-pro-exp-0801,gpt-4o-2024-05-13,142,gpt-4o-2024-05-13,gemini-1.5-pro-exp-0801,0.0,9816,reverse,0.0,-0.0004195393807741233,0.0004195393807741233,0.4894998537994232,-0.4894998537994232,0.00021412905415007025,0.04200676069447773,39665
vision_arena,Vision Arena,drop,drop,,gemini-1.5-pro-exp-0801,gpt-4o-2024-05-13,143,gemini-1.5-pro-exp-0801,gpt-4o-2024-05-13,1.0,21232,forward,1.0,-0.0004195393807741233,0.0004195393807741233,0.5105001462005768,0.4894998537994232,0.00021412905415007025,0.04200676069447773,21232
vision_arena,Vision Arena,drop,drop,,gemini-1.5-pro-exp-0801,gpt-4o-2024-05-13,144,gpt-4o-2024-05-13,gemini-1.5-pro-exp-0801,0.0,28504,forward,0.0,-0.0004195393807741233,0.0004195393807741233,0.4894998537994232,-0.4894998537994232,0.00021412905415007025,0.04200676069447773,28504
vision_arena,Vision Arena,drop,drop,,gemini-1.5-pro-exp-0801,gpt-4o-2024-05-13,145,gemini-1.5-pro-exp-0801,gpt-4o-2024-05-13,1.0,7001,reverse,1.0,-0.0004195393807741233,0.0004195393807741233,0.5105001462005768,0.4894998537994232,0.00021412905415007025,0.04200676069447773,36850
vision_arena,Vision Arena,drop,drop,,gemini-1.5-pro-exp-0801,gpt-4o-2024-05-13,146,gpt-4o-2024-05-13,gemini-1.5-pro-exp-0801,0.0,12148,reverse,0.0,-0.0004195393807741233,0.0004195393807741233,0.4894998537994232,-0.4894998537994232,0.00021412905415007025,0.04200676069447773,41997
vision_arena,Vision Arena,drop,drop,,gemini-1.5-pro-exp-0801,gpt-4o-2024-05-13,147,gemini-1.5-pro-exp-0801,gpt-4o-2024-05-13,1.0,6289,reverse,1.0,-0.0004195393807741233,0.0004195393807741233,0.5105001462005768,0.4894998537994232,0.00021412905415007025,0.04200676069447773,36138
vision_arena,Vision Arena,drop,drop,,gemini-1.5-pro-exp-0801,gpt-4o-2024-05-13,148,gpt-4o-2024-05-13,gemini-1.5-pro-exp-0801,1.0,11151,forward,1.0,0.0004375382618803589,0.0004375382618803589,0.4894998537994232,0.5105001462005768,0.00021412905415007025,0.04200676069447773,11151
vision_arena,Vision Arena,drop,drop,,gemini-1.5-pro-exp-0801,gpt-4o-2024-05-13,149,gpt-4o-2024-05-13,gemini-1.5-pro-exp-0801,1.0,21890,reverse,1.0,0.0004375382618803589,0.0004375382618803589,0.4894998537994232,0.5105001462005768,0.00021412905415007025,0.04200676069447773,51739
vision_arena,Vision Arena,drop,drop,,gemini-1.5-pro-exp-0801,gpt-4o-2024-05-13,150,gpt-4o-2024-05-13,gemini-1.5-pro-exp-0801,1.0,21734,reverse,1.0,0.0004375382618803589,0.0004375382618803589,0.4894998537994232,0.5105001462005768,0.00021412905415007025,0.04200676069447773,51583
vision_arena,Vision Arena,drop,drop,,gemini-1.5-pro-exp-0801,gpt-4o-2024-05-13,151,gpt-4o-2024-05-13,gemini-1.5-pro-exp-0801,1.0,19984,forward,1.0,0.0004375382618803589,0.0004375382618803589,0.4894998537994232,0.5105001462005768,0.00021412905415007025,0.04200676069447773,19984
vision_arena,Vision Arena,drop,drop,,gemini-1.5-pro-exp-0801,gpt-4o-2024-05-13,152,gpt-4o-2024-05-13,gemini-1.5-pro-exp-0801,1.0,143,forward,1.0,0.0004375382618803589,0.0004375382618803589,0.4894998537994232,0.5105001462005768,0.00021412905415007025,0.04200676069447773,143
vision_arena,Vision Arena,drop,drop,,gemini-1.5-pro-exp-0801,gpt-4o-2024-05-13,153,gpt-4o-2024-05-13,gemini-1.5-pro-exp-0801,1.0,12527,reverse,1.0,0.0004375382618803589,0.0004375382618803589,0.4894998537994232,0.5105001462005768,0.00021412905415007025,0.04200676069447773,42376
vision_arena,Vision Arena,drop,drop,,gemini-1.5-pro-exp-0801,gpt-4o-2024-05-13,154,gpt-4o-2024-05-13,gemini-1.5-pro-exp-0801,1.0,18932,forward,1.0,0.0004375382618803589,0.0004375382618803589,0.4894998537994232,0.5105001462005768,0.00021412905415007025,0.04200676069447773,18932
vision_arena,Vision Arena,drop,drop,,gemini-1.5-pro-exp-0801,gpt-4o-2024-05-13,155,gpt-4o-2024-05-13,gemini-1.5-pro-exp-0801,1.0,19054,forward,1.0,0.0004375382618803589,0.0004375382618803589,0.4894998537994232,0.5105001462005768,0.00021412905415007025,0.04200676069447773,19054
vision_arena,Vision Arena,drop,drop,,gemini-1.5-pro-exp-0801,gpt-4o-2024-05-13,156,gpt-4o-2024-05-13,gemini-1.5-pro-exp-0801,1.0,9745,reverse,1.0,0.0004375382618803589,0.0004375382618803589,0.4894998537994232,0.5105001462005768,0.00021412905415007025,0.04200676069447773,39594
vision_arena,Vision Arena,drop,drop,,gemini-1.5-pro-exp-0801,gpt-4o-2024-05-13,157,gpt-4o-2024-05-13,gemini-1.5-pro-exp-0801,1.0,2764,reverse,1.0,0.0004375382618803589,0.0004375382618803589,0.4894998537994232,0.5105001462005768,0.00021412905415007025,0.04200676069447773,32613
vision_arena,Vision Arena,drop,drop,,gemini-1.5-pro-exp-0801,gpt-4o-2024-05-13,158,gpt-4o-2024-05-13,gemini-1.5-pro-exp-0801,1.0,14040,forward,1.0,0.0004375382618803589,0.0004375382618803589,0.4894998537994232,0.5105001462005768,0.00021412905415007025,0.04200676069447773,14040
vision_arena,Vision Arena,drop,drop,,gemini-1.5-pro-exp-0801,gpt-4o-2024-05-13,159,gpt-4o-2024-05-13,gemini-1.5-pro-exp-0801,1.0,1430,reverse,1.0,0.0004375382618803589,0.0004375382618803589,0.4894998537994232,0.5105001462005768,0.00021412905415007025,0.04200676069447773,31279
vision_arena,Vision Arena,drop,drop,,gemini-1.5-pro-exp-0801,gpt-4o-2024-05-13,160,gpt-4o-2024-05-13,gemini-1.5-pro-exp-0801,1.0,1596,forward,1.0,0.0004375382618803589,0.0004375382618803589,0.4894998537994232,0.5105001462005768,0.00021412905415007025,0.04200676069447773,1596
vision_arena,Vision Arena,drop,drop,,gemini-1.5-pro-exp-0801,gpt-4o-2024-05-13,161,gpt-4o-2024-05-13,gemini-1.5-pro-exp-0801,1.0,1426,reverse,1.0,0.0004375382618803589,0.0004375382618803589,0.4894998537994232,0.5105001462005768,0.00021412905415007025,0.04200676069447773,31275
vision_arena,Vision Arena,drop,drop,,gemini-1.5-pro-exp-0801,gpt-4o-2024-05-13,162,gpt-4o-2024-05-13,gemini-1.5-pro-exp-0801,1.0,19338,forward,1.0,0.0004375382618803589,0.0004375382618803589,0.4894998537994232,0.5105001462005768,0.00021412905415007025,0.04200676069447773,19338
vision_arena,Vision Arena,drop,drop,,gemini-1.5-pro-exp-0801,gpt-4o-2024-05-13,163,gpt-4o-2024-05-13,gemini-1.5-pro-exp-0801,1.0,21588,forward,1.0,0.0004375382618803589,0.0004375382618803589,0.4894998537994232,0.5105001462005768,0.00021412905415007025,0.04200676069447773,21588
vision_arena,Vision Arena,drop,drop,,gemini-1.5-pro-exp-0801,gpt-4o-2024-05-13,164,gpt-4o-2024-05-13,gemini-1.5-pro-exp-0801,1.0,8994,reverse,1.0,0.0004375382618803589,0.0004375382618803589,0.4894998537994232,0.5105001462005768,0.00021412905415007025,0.04200676069447773,38843
vision_arena,Vision Arena,drop,drop,,gemini-1.5-pro-exp-0801,gpt-4o-2024-05-13,165,gpt-4o-2024-05-13,gemini-1.5-pro-exp-0801,1.0,11474,reverse,1.0,0.0004375382618803589,0.0004375382618803589,0.4894998537994232,0.5105001462005768,0.00021412905415007025,0.04200676069447773,41323
vision_arena,Vision Arena,drop,drop,,gemini-1.5-pro-exp-0801,gpt-4o-2024-05-13,166,gpt-4o-2024-05-13,gemini-1.5-pro-exp-0801,1.0,17927,forward,1.0,0.0004375382618803589,0.0004375382618803589,0.4894998537994232,0.5105001462005768,0.00021412905415007025,0.04200676069447773,17927
vision_arena,Vision Arena,drop,drop,,gemini-1.5-pro-exp-0801,gpt-4o-2024-05-13,167,gpt-4o-2024-05-13,gemini-1.5-pro-exp-0801,1.0,24952,forward,1.0,0.0004375382618803589,0.0004375382618803589,0.4894998537994232,0.5105001462005768,0.00021412905415007025,0.04200676069447773,24952
vision_arena,Vision Arena,drop,drop,,gemini-1.5-pro-exp-0801,gpt-4o-2024-05-13,168,gpt-4o-2024-05-13,gemini-1.5-pro-exp-0801,1.0,8913,reverse,1.0,0.0004375382618803589,0.0004375382618803589,0.4894998537994232,0.5105001462005768,0.00021412905415007025,0.04200676069447773,38762
vision_arena,Vision Arena,drop,drop,,gemini-1.5-pro-exp-0801,gpt-4o-2024-05-13,169,gpt-4o-2024-05-13,gemini-1.5-pro-exp-0801,1.0,14601,reverse,1.0,0.0004375382618803589,0.0004375382618803589,0.4894998537994232,0.5105001462005768,0.00021412905415007025,0.04200676069447773,44450
vision_arena,Vision Arena,drop,drop,,gemini-1.5-pro-exp-0801,gpt-4o-2024-05-13,170,gpt-4o-2024-05-13,gemini-1.5-pro-exp-0801,1.0,21315,forward,1.0,0.0004375382618803589,0.0004375382618803589,0.4894998537994232,0.5105001462005768,0.00021412905415007025,0.04200676069447773,21315
vision_arena,Vision Arena,drop,drop,,gemini-1.5-pro-exp-0801,gpt-4o-2024-05-13,171,gpt-4o-2024-05-13,gemini-1.5-pro-exp-0801,1.0,14439,forward,1.0,0.0004375382618803589,0.0004375382618803589,0.4894998537994232,0.5105001462005768,0.00021412905415007025,0.04200676069447773,14439
vision_arena,Vision Arena,drop,drop,,gemini-1.5-pro-exp-0801,gpt-4o-2024-05-13,172,gpt-4o-2024-05-13,gemini-1.5-pro-exp-0801,1.0,4584,reverse,1.0,0.0004375382618803589,0.0004375382618803589,0.4894998537994232,0.5105001462005768,0.00021412905415007025,0.04200676069447773,34433
vision_arena,Vision Arena,drop,drop,,gemini-1.5-pro-exp-0801,gpt-4o-2024-05-13,173,gpt-4o-2024-05-13,gemini-1.5-pro-exp-0801,1.0,4449,reverse,1.0,0.0004375382618803589,0.0004375382618803589,0.4894998537994232,0.5105001462005768,0.00021412905415007025,0.04200676069447773,34298
vision_arena,Vision Arena,drop,drop,,gemini-1.5-pro-exp-0801,gpt-4o-2024-05-13,174,gpt-4o-2024-05-13,gemini-1.5-pro-exp-0801,1.0,4489,reverse,1.0,0.0004375382618803589,0.0004375382618803589,0.4894998537994232,0.5105001462005768,0.00021412905415007025,0.04200676069447773,34338
vision_arena,Vision Arena,drop,drop,,gemini-1.5-pro-exp-0801,gpt-4o-2024-05-13,175,gpt-4o-2024-05-13,gemini-1.5-pro-exp-0801,1.0,17998,reverse,1.0,0.0004375382618803589,0.0004375382618803589,0.4894998537994232,0.5105001462005768,0.00021412905415007025,0.04200676069447773,47847
vision_arena,Vision Arena,drop,drop,,gemini-1.5-pro-exp-0801,gpt-4o-2024-05-13,176,gpt-4o-2024-05-13,gemini-1.5-pro-exp-0801,1.0,13016,forward,1.0,0.0004375382618803589,0.0004375382618803589,0.4894998537994232,0.5105001462005768,0.00021412905415007025,0.04200676069447773,13016
vision_arena,Vision Arena,drop,drop,,gemini-1.5-pro-exp-0801,gpt-4o-2024-05-13,177,gpt-4o-2024-05-13,gemini-1.5-pro-exp-0801,1.0,8110,forward,1.0,0.0004375382618803589,0.0004375382618803589,0.4894998537994232,0.5105001462005768,0.00021412905415007025,0.04200676069447773,8110
vision_arena,Vision Arena,drop,drop,,gemini-1.5-pro-exp-0801,gpt-4o-2024-05-13,178,gpt-4o-2024-05-13,gemini-1.5-pro-exp-0801,1.0,27126,forward,1.0,0.0004375382618803589,0.0004375382618803589,0.4894998537994232,0.5105001462005768,0.00021412905415007025,0.04200676069447773,27126
vision_arena,Vision Arena,drop,drop,,gemini-1.5-pro-exp-0801,gpt-4o-2024-05-13,179,gpt-4o-2024-05-13,gemini-1.5-pro-exp-0801,1.0,10572,forward,1.0,0.0004375382618803589,0.0004375382618803589,0.4894998537994232,0.5105001462005768,0.00021412905415007025,0.04200676069447773,10572
vision_arena,Vision Arena,drop,drop,,gemini-1.5-pro-exp-0801,gpt-4o-2024-05-13,180,gpt-4o-2024-05-13,gemini-1.5-pro-exp-0801,1.0,12078,reverse,1.0,0.0004375382618803589,0.0004375382618803589,0.4894998537994232,0.5105001462005768,0.00021412905415007025,0.04200676069447773,41927
vision_arena,Vision Arena,drop,drop,,gemini-1.5-pro-exp-0801,gpt-4o-2024-05-13,181,gpt-4o-2024-05-13,gemini-1.5-pro-exp-0801,1.0,25387,forward,1.0,0.0004375382618803589,0.0004375382618803589,0.4894998537994232,0.5105001462005768,0.00021412905415007025,0.04200676069447773,25387
vision_arena,Vision Arena,drop,drop,,gemini-1.5-pro-exp-0801,gpt-4o-2024-05-13,182,gpt-4o-2024-05-13,gemini-1.5-pro-exp-0801,1.0,19285,reverse,1.0,0.0004375382618803589,0.0004375382618803589,0.4894998537994232,0.5105001462005768,0.00021412905415007025,0.04200676069447773,49134
vision_arena,Vision Arena,drop,drop,,gemini-1.5-pro-exp-0801,gpt-4o-2024-05-13,183,gpt-4o-2024-05-13,gemini-1.5-pro-exp-0801,1.0,12080,reverse,1.0,0.0004375382618803589,0.0004375382618803589,0.4894998537994232,0.5105001462005768,0.00021412905415007025,0.04200676069447773,41929
vision_arena,Vision Arena,drop,drop,,gemini-1.5-pro-exp-0801,gpt-4o-2024-05-13,184,gpt-4o-2024-05-13,gemini-1.5-pro-exp-0801,1.0,21111,forward,1.0,0.0004375382618803589,0.0004375382618803589,0.4894998537994232,0.5105001462005768,0.00021412905415007025,0.04200676069447773,21111
vision_arena,Vision Arena,drop,drop,,gemini-1.5-pro-exp-0801,gpt-4o-2024-05-13,185,gpt-4o-2024-05-13,gemini-1.5-pro-exp-0801,1.0,5308,forward,1.0,0.0004375382618803589,0.0004375382618803589,0.4894998537994232,0.5105001462005768,0.00021412905415007025,0.04200676069447773,5308
vision_arena,Vision Arena,drop,drop,,gemini-1.5-pro-exp-0801,gpt-4o-2024-05-13,186,gpt-4o-2024-05-13,gemini-1.5-pro-exp-0801,1.0,15780,reverse,1.0,0.0004375382618803589,0.0004375382618803589,0.4894998537994232,0.5105001462005768,0.00021412905415007025,0.04200676069447773,45629
vision_arena,Vision Arena,drop,drop,,gemini-1.5-pro-exp-0801,gpt-4o-2024-05-13,187,gpt-4o-2024-05-13,gemini-1.5-pro-exp-0801,1.0,12103,reverse,1.0,0.0004375382618803589,0.0004375382618803589,0.4894998537994232,0.5105001462005768,0.00021412905415007025,0.04200676069447773,41952
vision_arena,Vision Arena,drop,drop,,gemini-1.5-pro-exp-0801,gpt-4o-2024-05-13,188,gpt-4o-2024-05-13,gemini-1.5-pro-exp-0801,1.0,15867,reverse,1.0,0.0004375382618803589,0.0004375382618803589,0.4894998537994232,0.5105001462005768,0.00021412905415007025,0.04200676069447773,45716
vision_arena,Vision Arena,drop,drop,,gemini-1.5-pro-exp-0801,gpt-4o-2024-05-13,189,gpt-4o-2024-05-13,gemini-1.5-pro-exp-0801,1.0,14873,reverse,1.0,0.0004375382618803589,0.0004375382618803589,0.4894998537994232,0.5105001462005768,0.00021412905415007025,0.04200676069447773,44722
vision_arena,Vision Arena,drop,drop,,gemini-1.5-pro-exp-0801,gpt-4o-2024-05-13,190,gpt-4o-2024-05-13,gemini-1.5-pro-exp-0801,1.0,15723,reverse,1.0,0.0004375382618803589,0.0004375382618803589,0.4894998537994232,0.5105001462005768,0.00021412905415007025,0.04200676069447773,45572
vision_arena,Vision Arena,drop,drop,,gemini-1.5-pro-exp-0801,gpt-4o-2024-05-13,191,gpt-4o-2024-05-13,gemini-1.5-pro-exp-0801,1.0,6280,reverse,1.0,0.0004375382618803589,0.0004375382618803589,0.4894998537994232,0.5105001462005768,0.00021412905415007025,0.04200676069447773,36129
vision_arena,Vision Arena,drop,drop,,gemini-1.5-pro-exp-0801,gpt-4o-2024-05-13,192,gpt-4o-2024-05-13,gemini-1.5-pro-exp-0801,1.0,8257,forward,1.0,0.0004375382618803589,0.0004375382618803589,0.4894998537994232,0.5105001462005768,0.00021412905415007025,0.04200676069447773,8257
vision_arena,Vision Arena,drop,drop,,gemini-1.5-pro-exp-0801,gpt-4o-2024-05-13,193,gpt-4o-2024-05-13,gemini-1.5-pro-exp-0801,1.0,8249,forward,1.0,0.0004375382618803589,0.0004375382618803589,0.4894998537994232,0.5105001462005768,0.00021412905415007025,0.04200676069447773,8249
vision_arena,Vision Arena,drop,drop,,gemini-1.5-pro-exp-0801,gpt-4o-2024-05-13,194,gpt-4o-2024-05-13,gemini-1.5-pro-exp-0801,1.0,590,reverse,1.0,0.0004375382618803589,0.0004375382618803589,0.4894998537994232,0.5105001462005768,0.00021412905415007025,0.04200676069447773,30439
vision_arena,Vision Arena,drop,drop,,gemini-1.5-pro-exp-0801,gpt-4o-2024-05-13,195,gpt-4o-2024-05-13,gemini-1.5-pro-exp-0801,1.0,22599,reverse,1.0,0.0004375382618803589,0.0004375382618803589,0.4894998537994232,0.5105001462005768,0.00021412905415007025,0.04200676069447773,52448
vision_arena,Vision Arena,flip,flip,,gemini-1.5-pro-exp-0801,gpt-4o-2024-05-13,0,gemini-1.5-pro-exp-0801,gpt-4o-2024-05-13,1.0,20382,forward,1.0,-0.0008568903034609048,0.0008568903034609048,0.5105001462005768,0.4894998537994232,0.00021412905415007025,0.04200676069447773,20382
vision_arena,Vision Arena,flip,flip,,gemini-1.5-pro-exp-0801,gpt-4o-2024-05-13,1,gemini-1.5-pro-exp-0801,gpt-4o-2024-05-13,1.0,20491,reverse,1.0,-0.0008568903034609048,0.0008568903034609048,0.5105001462005768,0.4894998537994232,0.00021412905415007025,0.04200676069447773,50340
vision_arena,Vision Arena,flip,flip,,gemini-1.5-pro-exp-0801,gpt-4o-2024-05-13,2,gpt-4o-2024-05-13,gemini-1.5-pro-exp-0801,0.0,13242,reverse,0.0,-0.0008568903034609048,0.0008568903034609048,0.4894998537994232,-0.4894998537994232,0.00021412905415007025,0.04200676069447773,43091
vision_arena,Vision Arena,flip,flip,,gemini-1.5-pro-exp-0801,gpt-4o-2024-05-13,3,gemini-1.5-pro-exp-0801,gpt-4o-2024-05-13,1.0,8913,forward,1.0,-0.0008568903034609048,0.0008568903034609048,0.5105001462005768,0.4894998537994232,0.00021412905415007025,0.04200676069447773,8913
vision_arena,Vision Arena,flip,flip,,gemini-1.5-pro-exp-0801,gpt-4o-2024-05-13,4,gemini-1.5-pro-exp-0801,gpt-4o-2024-05-13,1.0,9151,forward,1.0,-0.0008568903034609048,0.0008568903034609048,0.5105001462005768,0.4894998537994232,0.00021412905415007025,0.04200676069447773,9151
vision_arena,Vision Arena,flip,flip,,gemini-1.5-pro-exp-0801,gpt-4o-2024-05-13,5,gpt-4o-2024-05-13,gemini-1.5-pro-exp-0801,0.0,26727,forward,0.0,-0.0008568903034609048,0.0008568903034609048,0.4894998537994232,-0.4894998537994232,0.00021412905415007025,0.04200676069447773,26727
vision_arena,Vision Arena,flip,flip,,gemini-1.5-pro-exp-0801,gpt-4o-2024-05-13,6,gemini-1.5-pro-exp-0801,gpt-4o-2024-05-13,1.0,15782,reverse,1.0,-0.0008568903034609048,0.0008568903034609048,0.5105001462005768,0.4894998537994232,0.00021412905415007025,0.04200676069447773,45631
vision_arena,Vision Arena,flip,flip,,gemini-1.5-pro-exp-0801,gpt-4o-2024-05-13,7,gemini-1.5-pro-exp-0801,gpt-4o-2024-05-13,1.0,19222,forward,1.0,-0.0008568903034609048,0.0008568903034609048,0.5105001462005768,0.4894998537994232,0.00021412905415007025,0.04200676069447773,19222
vision_arena,Vision Arena,flip,flip,,gemini-1.5-pro-exp-0801,gpt-4o-2024-05-13,8,gemini-1.5-pro-exp-0801,gpt-4o-2024-05-13,1.0,10321,forward,1.0,-0.0008568903034609048,0.0008568903034609048,0.5105001462005768,0.4894998537994232,0.00021412905415007025,0.04200676069447773,10321
vision_arena,Vision Arena,flip,flip,,gemini-1.5-pro-exp-0801,gpt-4o-2024-05-13,9,gemini-1.5-pro-exp-0801,gpt-4o-2024-05-13,1.0,17409,reverse,1.0,-0.0008568903034609048,0.0008568903034609048,0.5105001462005768,0.4894998537994232,0.00021412905415007025,0.04200676069447773,47258
vision_arena,Vision Arena,flip,flip,,gemini-1.5-pro-exp-0801,gpt-4o-2024-05-13,10,gemini-1.5-pro-exp-0801,gpt-4o-2024-05-13,1.0,639,forward,1.0,-0.0008568903034609048,0.0008568903034609048,0.5105001462005768,0.4894998537994232,0.00021412905415007025,0.04200676069447773,639
vision_arena,Vision Arena,flip,flip,,gemini-1.5-pro-exp-0801,gpt-4o-2024-05-13,11,gemini-1.5-pro-exp-0801,gpt-4o-2024-05-13,1.0,21810,reverse,1.0,-0.0008568903034609048,0.0008568903034609048,0.5105001462005768,0.4894998537994232,0.00021412905415007025,0.04200676069447773,51659
vision_arena,Vision Arena,flip,flip,,gemini-1.5-pro-exp-0801,gpt-4o-2024-05-13,12,gpt-4o-2024-05-13,gemini-1.5-pro-exp-0801,0.0,17623,forward,0.0,-0.0008568903034609048,0.0008568903034609048,0.4894998537994232,-0.4894998537994232,0.00021412905415007025,0.04200676069447773,17623
vision_arena,Vision Arena,flip,flip,,gemini-1.5-pro-exp-0801,gpt-4o-2024-05-13,13,gemini-1.5-pro-exp-0801,gpt-4o-2024-05-13,1.0,3235,forward,1.0,-0.0008568903034609048,0.0008568903034609048,0.5105001462005768,0.4894998537994232,0.00021412905415007025,0.04200676069447773,3235
vision_arena,Vision Arena,flip,flip,,gemini-1.5-pro-exp-0801,gpt-4o-2024-05-13,14,gpt-4o-2024-05-13,gemini-1.5-pro-exp-0801,0.0,3239,forward,0.0,-0.0008568903034609048,0.0008568903034609048,0.4894998537994232,-0.4894998537994232,0.00021412905415007025,0.04200676069447773,3239
vision_arena,Vision Arena,flip,flip,,gemini-1.5-pro-exp-0801,gpt-4o-2024-05-13,15,gemini-1.5-pro-exp-0801,gpt-4o-2024-05-13,1.0,20344,forward,1.0,-0.0008568903034609048,0.0008568903034609048,0.5105001462005768,0.4894998537994232,0.00021412905415007025,0.04200676069447773,20344
vision_arena,Vision Arena,flip,flip,,gemini-1.5-pro-exp-0801,gpt-4o-2024-05-13,16,gemini-1.5-pro-exp-0801,gpt-4o-2024-05-13,1.0,27794,reverse,1.0,-0.0008568903034609048,0.0008568903034609048,0.5105001462005768,0.4894998537994232,0.00021412905415007025,0.04200676069447773,57643
vision_arena,Vision Arena,flip,flip,,gemini-1.5-pro-exp-0801,gpt-4o-2024-05-13,17,gemini-1.5-pro-exp-0801,gpt-4o-2024-05-13,1.0,10380,forward,1.0,-0.0008568903034609048,0.0008568903034609048,0.5105001462005768,0.4894998537994232,0.00021412905415007025,0.04200676069447773,10380
vision_arena,Vision Arena,flip,flip,,gemini-1.5-pro-exp-0801,gpt-4o-2024-05-13,18,gpt-4o-2024-05-13,gemini-1.5-pro-exp-0801,0.0,25385,forward,0.0,-0.0008568903034609048,0.0008568903034609048,0.4894998537994232,-0.4894998537994232,0.00021412905415007025,0.04200676069447773,25385
vision_arena,Vision Arena,flip,flip,,gemini-1.5-pro-exp-0801,gpt-4o-2024-05-13,19,gemini-1.5-pro-exp-0801,gpt-4o-2024-05-13,1.0,25397,forward,1.0,-0.0008568903034609048,0.0008568903034609048,0.5105001462005768,0.4894998537994232,0.00021412905415007025,0.04200676069447773,25397
vision_arena,Vision Arena,flip,flip,,gemini-1.5-pro-exp-0801,gpt-4o-2024-05-13,20,gpt-4o-2024-05-13,gemini-1.5-pro-exp-0801,0.0,25438,forward,0.0,-0.0008568903034609048,0.0008568903034609048,0.4894998537994232,-0.4894998537994232,0.00021412905415007025,0.04200676069447773,25438
vision_arena,Vision Arena,flip,flip,,gemini-1.5-pro-exp-0801,gpt-4o-2024-05-13,21,gemini-1.5-pro-exp-0801,gpt-4o-2024-05-13,1.0,15353,reverse,1.0,-0.0008568903034609048,0.0008568903034609048,0.5105001462005768,0.4894998537994232,0.00021412905415007025,0.04200676069447773,45202
vision_arena,Vision Arena,flip,flip,,gemini-1.5-pro-exp-0801,gpt-4o-2024-05-13,22,gemini-1.5-pro-exp-0801,gpt-4o-2024-05-13,1.0,21862,reverse,1.0,-0.0008568903034609048,0.0008568903034609048,0.5105001462005768,0.4894998537994232,0.00021412905415007025,0.04200676069447773,51711
vision_arena,Vision Arena,flip,flip,,gemini-1.5-pro-exp-0801,gpt-4o-2024-05-13,23,gemini-1.5-pro-exp-0801,gpt-4o-2024-05-13,1.0,27161,forward,1.0,-0.0008568903034609048,0.0008568903034609048,0.5105001462005768,0.4894998537994232,0.00021412905415007025,0.04200676069447773,27161
vision_arena,Vision Arena,flip,flip,,gemini-1.5-pro-exp-0801,gpt-4o-2024-05-13,24,gemini-1.5-pro-exp-0801,gpt-4o-2024-05-13,1.0,16174,reverse,1.0,-0.0008568903034609048,0.0008568903034609048,0.5105001462005768,0.4894998537994232,0.00021412905415007025,0.04200676069447773,46023
vision_arena,Vision Arena,flip,flip,,gemini-1.5-pro-exp-0801,gpt-4o-2024-05-13,25,gpt-4o-2024-05-13,gemini-1.5-pro-exp-0801,0.0,8624,reverse,0.0,-0.0008568903034609048,0.0008568903034609048,0.4894998537994232,-0.4894998537994232,0.00021412905415007025,0.04200676069447773,38473
vision_arena,Vision Arena,flip,flip,,gemini-1.5-pro-exp-0801,gpt-4o-2024-05-13,26,gpt-4o-2024-05-13,gemini-1.5-pro-exp-0801,0.0,1589,reverse,0.0,-0.0008568903034609048,0.0008568903034609048,0.4894998537994232,-0.4894998537994232,0.00021412905415007025,0.04200676069447773,31438
vision_arena,Vision Arena,flip,flip,,gemini-1.5-pro-exp-0801,gpt-4o-2024-05-13,27,gemini-1.5-pro-exp-0801,gpt-4o-2024-05-13,1.0,1596,reverse,1.0,-0.0008568903034609048,0.0008568903034609048,0.5105001462005768,0.4894998537994232,0.00021412905415007025,0.04200676069447773,31445
vision_arena,Vision Arena,flip,flip,,gemini-1.5-pro-exp-0801,gpt-4o-2024-05-13,28,gemini-1.5-pro-exp-0801,gpt-4o-2024-05-13,1.0,17485,forward,1.0,-0.0008568903034609048,0.0008568903034609048,0.5105001462005768,0.4894998537994232,0.00021412905415007025,0.04200676069447773,17485
vision_arena,Vision Arena,flip,flip,,gemini-1.5-pro-exp-0801,gpt-4o-2024-05-13,29,gemini-1.5-pro-exp-0801,gpt-4o-2024-05-13,1.0,20421,reverse,1.0,-0.0008568903034609048,0.0008568903034609048,0.5105001462005768,0.4894998537994232,0.00021412905415007025,0.04200676069447773,50270
vision_arena,Vision Arena,flip,flip,,gemini-1.5-pro-exp-0801,gpt-4o-2024-05-13,30,gemini-1.5-pro-exp-0801,gpt-4o-2024-05-13,1.0,20406,forward,1.0,-0.0008568903034609048,0.0008568903034609048,0.5105001462005768,0.4894998537994232,0.00021412905415007025,0.04200676069447773,20406
vision_arena,Vision Arena,flip,flip,,gemini-1.5-pro-exp-0801,gpt-4o-2024-05-13,31,gemini-1.5-pro-exp-0801,gpt-4o-2024-05-13,1.0,107,reverse,1.0,-0.0008568903034609048,0.0008568903034609048,0.5105001462005768,0.4894998537994232,0.00021412905415007025,0.04200676069447773,29956
vision_arena,Vision Arena,flip,flip,,gemini-1.5-pro-exp-0801,gpt-4o-2024-05-13,32,gemini-1.5-pro-exp-0801,gpt-4o-2024-05-13,1.0,14439,reverse,1.0,-0.0008568903034609048,0.0008568903034609048,0.5105001462005768,0.4894998537994232,0.00021412905415007025,0.04200676069447773,44288
vision_arena,Vision Arena,flip,flip,,gemini-1.5-pro-exp-0801,gpt-4o-2024-05-13,33,gemini-1.5-pro-exp-0801,gpt-4o-2024-05-13,1.0,12708,reverse,1.0,-0.0008568903034609048,0.0008568903034609048,0.5105001462005768,0.4894998537994232,0.00021412905415007025,0.04200676069447773,42557
vision_arena,Vision Arena,flip,flip,,gemini-1.5-pro-exp-0801,gpt-4o-2024-05-13,34,gemini-1.5-pro-exp-0801,gpt-4o-2024-05-13,1.0,10099,reverse,1.0,-0.0008568903034609048,0.0008568903034609048,0.5105001462005768,0.4894998537994232,0.00021412905415007025,0.04200676069447773,39948
vision_arena,Vision Arena,flip,flip,,gemini-1.5-pro-exp-0801,gpt-4o-2024-05-13,35,gpt-4o-2024-05-13,gemini-1.5-pro-exp-0801,0.0,29087,reverse,0.0,-0.0008568903034609048,0.0008568903034609048,0.4894998537994232,-0.4894998537994232,0.00021412905415007025,0.04200676069447773,58936
vision_arena,Vision Arena,flip,flip,,gemini-1.5-pro-exp-0801,gpt-4o-2024-05-13,36,gemini-1.5-pro-exp-0801,gpt-4o-2024-05-13,1.0,29100,reverse,1.0,-0.0008568903034609048,0.0008568903034609048,0.5105001462005768,0.4894998537994232,0.00021412905415007025,0.04200676069447773,58949
vision_arena,Vision Arena,flip,flip,,gemini-1.5-pro-exp-0801,gpt-4o-2024-05-13,37,gemini-1.5-pro-exp-0801,gpt-4o-2024-05-13,1.0,28335,forward,1.0,-0.0008568903034609048,0.0008568903034609048,0.5105001462005768,0.4894998537994232,0.00021412905415007025,0.04200676069447773,28335
vision_arena,Vision Arena,flip,flip,,gemini-1.5-pro-exp-0801,gpt-4o-2024-05-13,38,gemini-1.5-pro-exp-0801,gpt-4o-2024-05-13,1.0,28344,forward,1.0,-0.0008568903034609048,0.0008568903034609048,0.5105001462005768,0.4894998537994232,0.00021412905415007025,0.04200676069447773,28344
vision_arena,Vision Arena,flip,flip,,gemini-1.5-pro-exp-0801,gpt-4o-2024-05-13,39,gpt-4o-2024-05-13,gemini-1.5-pro-exp-0801,0.0,1803,forward,0.0,-0.0008568903034609048,0.0008568903034609048,0.4894998537994232,-0.4894998537994232,0.00021412905415007025,0.04200676069447773,1803
vision_arena,Vision Arena,flip,flip,,gemini-1.5-pro-exp-0801,gpt-4o-2024-05-13,40,gemini-1.5-pro-exp-0801,gpt-4o-2024-05-13,1.0,13506,forward,1.0,-0.0008568903034609048,0.0008568903034609048,0.5105001462005768,0.4894998537994232,0.00021412905415007025,0.04200676069447773,13506
vision_arena,Vision Arena,flip,flip,,gemini-1.5-pro-exp-0801,gpt-4o-2024-05-13,41,gpt-4o-2024-05-13,gemini-1.5-pro-exp-0801,0.0,13518,forward,0.0,-0.0008568903034609048,0.0008568903034609048,0.4894998537994232,-0.4894998537994232,0.00021412905415007025,0.04200676069447773,13518
vision_arena,Vision Arena,flip,flip,,gemini-1.5-pro-exp-0801,gpt-4o-2024-05-13,42,gemini-1.5-pro-exp-0801,gpt-4o-2024-05-13,1.0,1835,forward,1.0,-0.0008568903034609048,0.0008568903034609048,0.5105001462005768,0.4894998537994232,0.00021412905415007025,0.04200676069447773,1835
vision_arena,Vision Arena,flip,flip,,gemini-1.5-pro-exp-0801,gpt-4o-2024-05-13,43,gemini-1.5-pro-exp-0801,gpt-4o-2024-05-13,1.0,23104,forward,1.0,-0.0008568903034609048,0.0008568903034609048,0.5105001462005768,0.4894998537994232,0.00021412905415007025,0.04200676069447773,23104
vision_arena,Vision Arena,flip,flip,,gemini-1.5-pro-exp-0801,gpt-4o-2024-05-13,44,gpt-4o-2024-05-13,gemini-1.5-pro-exp-0801,0.0,19222,reverse,0.0,-0.0008568903034609048,0.0008568903034609048,0.4894998537994232,-0.4894998537994232,0.00021412905415007025,0.04200676069447773,49071
vision_arena,Vision Arena,flip,flip,,gemini-1.5-pro-exp-0801,gpt-4o-2024-05-13,45,gemini-1.5-pro-exp-0801,gpt-4o-2024-05-13,1.0,1589,forward,1.0,-0.0008568903034609048,0.0008568903034609048,0.5105001462005768,0.4894998537994232,0.00021412905415007025,0.04200676069447773,1589
vision_arena,Vision Arena,flip,flip,,gemini-1.5-pro-exp-0801,gpt-4o-2024-05-13,46,gemini-1.5-pro-exp-0801,gpt-4o-2024-05-13,1.0,26727,reverse,1.0,-0.0008568903034609048,0.0008568903034609048,0.5105001462005768,0.4894998537994232,0.00021412905415007025,0.04200676069447773,56576
vision_arena,Vision Arena,flip,flip,,gemini-1.5-pro-exp-0801,gpt-4o-2024-05-13,47,gpt-4o-2024-05-13,gemini-1.5-pro-exp-0801,0.0,3235,reverse,0.0,-0.0008568903034609048,0.0008568903034609048,0.4894998537994232,-0.4894998537994232,0.00021412905415007025,0.04200676069447773,33084
vision_arena,Vision Arena,flip,flip,,gemini-1.5-pro-exp-0801,gpt-4o-2024-05-13,48,gemini-1.5-pro-exp-0801,gpt-4o-2024-05-13,1.0,3239,reverse,1.0,-0.0008568903034609048,0.0008568903034609048,0.5105001462005768,0.4894998537994232,0.00021412905415007025,0.04200676069447773,33088
vision_arena,Vision Arena,flip,flip,,gemini-1.5-pro-exp-0801,gpt-4o-2024-05-13,49,gpt-4o-2024-05-13,gemini-1.5-pro-exp-0801,0.0,29100,forward,0.0,-0.0008568903034609048,0.0008568903034609048,0.4894998537994232,-0.4894998537994232,0.00021412905415007025,0.04200676069447773,29100
vision_arena,Vision Arena,flip,flip,,gemini-1.5-pro-exp-0801,gpt-4o-2024-05-13,50,gemini-1.5-pro-exp-0801,gpt-4o-2024-05-13,1.0,25438,reverse,1.0,-0.0008568903034609048,0.0008568903034609048,0.5105001462005768,0.4894998537994232,0.00021412905415007025,0.04200676069447773,55287
vision_arena,Vision Arena,flip,flip,,gemini-1.5-pro-exp-0801,gpt-4o-2024-05-13,51,gemini-1.5-pro-exp-0801,gpt-4o-2024-05-13,1.0,8624,forward,1.0,-0.0008568903034609048,0.0008568903034609048,0.5105001462005768,0.4894998537994232,0.00021412905415007025,0.04200676069447773,8624
vision_arena,Vision Arena,flip,flip,,gemini-1.5-pro-exp-0801,gpt-4o-2024-05-13,52,gpt-4o-2024-05-13,gemini-1.5-pro-exp-0801,0.0,25397,reverse,0.0,-0.0008568903034609048,0.0008568903034609048,0.4894998537994232,-0.4894998537994232,0.00021412905415007025,0.04200676069447773,55246
vision_arena,Vision Arena,flip,flip,,gemini-1.5-pro-exp-0801,gpt-4o-2024-05-13,53,gpt-4o-2024-05-13,gemini-1.5-pro-exp-0801,0.0,23104,reverse,0.0,-0.0008568903034609048,0.0008568903034609048,0.4894998537994232,-0.4894998537994232,0.00021412905415007025,0.04200676069447773,52953
vision_arena,Vision Arena,flip,flip,,gemini-1.5-pro-exp-0801,gpt-4o-2024-05-13,54,gemini-1.5-pro-exp-0801,gpt-4o-2024-05-13,1.0,29087,forward,1.0,-0.0008568903034609048,0.0008568903034609048,0.5105001462005768,0.4894998537994232,0.00021412905415007025,0.04200676069447773,29087
vision_arena,Vision Arena,flip,flip,,gemini-1.5-pro-exp-0801,gpt-4o-2024-05-13,55,gpt-4o-2024-05-13,gemini-1.5-pro-exp-0801,0.0,21862,forward,0.0,-0.0008568903034609048,0.0008568903034609048,0.4894998537994232,-0.4894998537994232,0.00021412905415007025,0.04200676069447773,21862
vision_arena,Vision Arena,flip,flip,,gemini-1.5-pro-exp-0801,gpt-4o-2024-05-13,56,gpt-4o-2024-05-13,gemini-1.5-pro-exp-0801,0.0,9151,reverse,0.0,-0.0008568903034609048,0.0008568903034609048,0.4894998537994232,-0.4894998537994232,0.00021412905415007025,0.04200676069447773,39000
vision_arena,Vision Arena,flip,flip,,gemini-1.5-pro-exp-0801,gpt-4o-2024-05-13,57,gemini-1.5-pro-exp-0801,gpt-4o-2024-05-13,1.0,25385,reverse,1.0,-0.0008568903034609048,0.0008568903034609048,0.5105001462005768,0.4894998537994232,0.00021412905415007025,0.04200676069447773,55234
vision_arena,Vision Arena,flip,flip,,gemini-1.5-pro-exp-0801,gpt-4o-2024-05-13,58,gemini-1.5-pro-exp-0801,gpt-4o-2024-05-13,1.0,13518,reverse,1.0,-0.0008568903034609048,0.0008568903034609048,0.5105001462005768,0.4894998537994232,0.00021412905415007025,0.04200676069447773,43367
vision_arena,Vision Arena,flip,flip,,gemini-1.5-pro-exp-0801,gpt-4o-2024-05-13,59,gpt-4o-2024-05-13,gemini-1.5-pro-exp-0801,0.0,15782,forward,0.0,-0.0008568903034609048,0.0008568903034609048,0.4894998537994232,-0.4894998537994232,0.00021412905415007025,0.04200676069447773,15782
vision_arena,Vision Arena,flip,flip,,gemini-1.5-pro-exp-0801,gpt-4o-2024-05-13,60,gpt-4o-2024-05-13,gemini-1.5-pro-exp-0801,0.0,13506,reverse,0.0,-0.0008568903034609048,0.0008568903034609048,0.4894998537994232,-0.4894998537994232,0.00021412905415007025,0.04200676069447773,43355
vision_arena,Vision Arena,flip,flip,,gemini-1.5-pro-exp-0801,gpt-4o-2024-05-13,61,gpt-4o-2024-05-13,gemini-1.5-pro-exp-0801,0.0,17485,reverse,0.0,-0.0008568903034609048,0.0008568903034609048,0.4894998537994232,-0.4894998537994232,0.00021412905415007025,0.04200676069447773,47334
vision_arena,Vision Arena,flip,flip,,gemini-1.5-pro-exp-0801,gpt-4o-2024-05-13,62,gemini-1.5-pro-exp-0801,gpt-4o-2024-05-13,1.0,1803,reverse,1.0,-0.0008568903034609048,0.0008568903034609048,0.5105001462005768,0.4894998537994232,0.00021412905415007025,0.04200676069447773,31652
vision_arena,Vision Arena,flip,flip,,gemini-1.5-pro-exp-0801,gpt-4o-2024-05-13,63,gpt-4o-2024-05-13,gemini-1.5-pro-exp-0801,0.0,1835,reverse,0.0,-0.0008568903034609048,0.0008568903034609048,0.4894998537994232,-0.4894998537994232,0.00021412905415007025,0.04200676069447773,31684
vision_arena,Vision Arena,flip,flip,,gemini-1.5-pro-exp-0801,gpt-4o-2024-05-13,64,gpt-4o-2024-05-13,gemini-1.5-pro-exp-0801,0.0,20491,forward,0.0,-0.0008568903034609048,0.0008568903034609048,0.4894998537994232,-0.4894998537994232,0.00021412905415007025,0.04200676069447773,20491
vision_arena,Vision Arena,flip,flip,,gemini-1.5-pro-exp-0801,gpt-4o-2024-05-13,65,gpt-4o-2024-05-13,gemini-1.5-pro-exp-0801,0.0,28344,reverse,0.0,-0.0008568903034609048,0.0008568903034609048,0.4894998537994232,-0.4894998537994232,0.00021412905415007025,0.04200676069447773,58193
vision_arena,Vision Arena,flip,flip,,gemini-1.5-pro-exp-0801,gpt-4o-2024-05-13,66,gemini-1.5-pro-exp-0801,gpt-4o-2024-05-13,1.0,13242,forward,1.0,-0.0008568903034609048,0.0008568903034609048,0.5105001462005768,0.4894998537994232,0.00021412905415007025,0.04200676069447773,13242
vision_arena,Vision Arena,flip,flip,,gemini-1.5-pro-exp-0801,gpt-4o-2024-05-13,67,gpt-4o-2024-05-13,gemini-1.5-pro-exp-0801,0.0,107,forward,0.0,-0.0008568903034609048,0.0008568903034609048,0.4894998537994232,-0.4894998537994232,0.00021412905415007025,0.04200676069447773,107
vision_arena,Vision Arena,flip,flip,,gemini-1.5-pro-exp-0801,gpt-4o-2024-05-13,68,gemini-1.5-pro-exp-0801,gpt-4o-2024-05-13,1.0,17623,reverse,1.0,-0.0008568903034609048,0.0008568903034609048,0.5105001462005768,0.4894998537994232,0.00021412905415007025,0.04200676069447773,47472
vision_arena,Vision Arena,flip,flip,,gemini-1.5-pro-exp-0801,gpt-4o-2024-05-13,69,gpt-4o-2024-05-13,gemini-1.5-pro-exp-0801,1.0,20421,forward,1.0,0.0008568980099774898,0.0008568980099774898,0.4894998537994232,0.5105001462005768,0.00021412905415007025,0.04200676069447773,20421
vision_arena,Vision Arena,flip,flip,,gemini-1.5-pro-exp-0801,gpt-4o-2024-05-13,70,gpt-4o-2024-05-13,gemini-1.5-pro-exp-0801,1.0,8913,reverse,1.0,0.0008568980099774898,0.0008568980099774898,0.4894998537994232,0.5105001462005768,0.00021412905415007025,0.04200676069447773,38762
vision_arena,Vision Arena,flip,flip,,gemini-1.5-pro-exp-0801,gpt-4o-2024-05-13,71,gpt-4o-2024-05-13,gemini-1.5-pro-exp-0801,1.0,10099,forward,1.0,0.0008568980099774898,0.0008568980099774898,0.4894998537994232,0.5105001462005768,0.00021412905415007025,0.04200676069447773,10099
vision_arena,Vision Arena,flip,flip,,gemini-1.5-pro-exp-0801,gpt-4o-2024-05-13,72,gpt-4o-2024-05-13,gemini-1.5-pro-exp-0801,1.0,639,reverse,1.0,0.0008568980099774898,0.0008568980099774898,0.4894998537994232,0.5105001462005768,0.00021412905415007025,0.04200676069447773,30488
vision_arena,Vision Arena,flip,flip,,gemini-1.5-pro-exp-0801,gpt-4o-2024-05-13,73,gpt-4o-2024-05-13,gemini-1.5-pro-exp-0801,1.0,12708,forward,1.0,0.0008568980099774898,0.0008568980099774898,0.4894998537994232,0.5105001462005768,0.00021412905415007025,0.04200676069447773,12708
vision_arena,Vision Arena,flip,flip,,gemini-1.5-pro-exp-0801,gpt-4o-2024-05-13,74,gpt-4o-2024-05-13,gemini-1.5-pro-exp-0801,1.0,27794,forward,1.0,0.0008568980099774898,0.0008568980099774898,0.4894998537994232,0.5105001462005768,0.00021412905415007025,0.04200676069447773,27794
vision_arena,Vision Arena,flip,flip,,gemini-1.5-pro-exp-0801,gpt-4o-2024-05-13,75,gpt-4o-2024-05-13,gemini-1.5-pro-exp-0801,1.0,14439,forward,1.0,0.0008568980099774898,0.0008568980099774898,0.4894998537994232,0.5105001462005768,0.00021412905415007025,0.04200676069447773,14439
vision_arena,Vision Arena,flip,flip,,gemini-1.5-pro-exp-0801,gpt-4o-2024-05-13,76,gpt-4o-2024-05-13,gemini-1.5-pro-exp-0801,1.0,1596,forward,1.0,0.0008568980099774898,0.0008568980099774898,0.4894998537994232,0.5105001462005768,0.00021412905415007025,0.04200676069447773,1596
vision_arena,Vision Arena,flip,flip,,gemini-1.5-pro-exp-0801,gpt-4o-2024-05-13,77,gpt-4o-2024-05-13,gemini-1.5-pro-exp-0801,1.0,15353,forward,1.0,0.0008568980099774898,0.0008568980099774898,0.4894998537994232,0.5105001462005768,0.00021412905415007025,0.04200676069447773,15353
vision_arena,Vision Arena,flip,flip,,gemini-1.5-pro-exp-0801,gpt-4o-2024-05-13,78,gpt-4o-2024-05-13,gemini-1.5-pro-exp-0801,1.0,16174,forward,1.0,0.0008568980099774898,0.0008568980099774898,0.4894998537994232,0.5105001462005768,0.00021412905415007025,0.04200676069447773,16174
vision_arena,Vision Arena,flip,flip,,gemini-1.5-pro-exp-0801,gpt-4o-2024-05-13,79,gpt-4o-2024-05-13,gemini-1.5-pro-exp-0801,1.0,10321,reverse,1.0,0.0008568980099774898,0.0008568980099774898,0.4894998537994232,0.5105001462005768,0.00021412905415007025,0.04200676069447773,40170
vision_arena,Vision Arena,flip,flip,,gemini-1.5-pro-exp-0801,gpt-4o-2024-05-13,80,gpt-4o-2024-05-13,gemini-1.5-pro-exp-0801,1.0,27161,reverse,1.0,0.0008568980099774898,0.0008568980099774898,0.4894998537994232,0.5105001462005768,0.00021412905415007025,0.04200676069447773,57010
vision_arena,Vision Arena,flip,flip,,gemini-1.5-pro-exp-0801,gpt-4o-2024-05-13,81,gpt-4o-2024-05-13,gemini-1.5-pro-exp-0801,1.0,10380,reverse,1.0,0.0008568980099774898,0.0008568980099774898,0.4894998537994232,0.5105001462005768,0.00021412905415007025,0.04200676069447773,40229
vision_arena,Vision Arena,flip,flip,,gemini-1.5-pro-exp-0801,gpt-4o-2024-05-13,82,gpt-4o-2024-05-13,gemini-1.5-pro-exp-0801,1.0,17409,forward,1.0,0.0008568980099774898,0.0008568980099774898,0.4894998537994232,0.5105001462005768,0.00021412905415007025,0.04200676069447773,17409
vision_arena,Vision Arena,flip,flip,,gemini-1.5-pro-exp-0801,gpt-4o-2024-05-13,83,gpt-4o-2024-05-13,gemini-1.5-pro-exp-0801,1.0,21810,forward,1.0,0.0008568980099774898,0.0008568980099774898,0.4894998537994232,0.5105001462005768,0.00021412905415007025,0.04200676069447773,21810
vision_arena,Vision Arena,flip,flip,,gemini-1.5-pro-exp-0801,gpt-4o-2024-05-13,84,gpt-4o-2024-05-13,gemini-1.5-pro-exp-0801,1.0,28335,reverse,1.0,0.0008568980099774898,0.0008568980099774898,0.4894998537994232,0.5105001462005768,0.00021412905415007025,0.04200676069447773,58184
vision_arena,Vision Arena,flip,flip,,gemini-1.5-pro-exp-0801,gpt-4o-2024-05-13,85,gpt-4o-2024-05-13,gemini-1.5-pro-exp-0801,1.0,20406,reverse,1.0,0.0008568980099774898,0.0008568980099774898,0.4894998537994232,0.5105001462005768,0.00021412905415007025,0.04200676069447773,50255
vision_arena,Vision Arena,flip,flip,,gemini-1.5-pro-exp-0801,gpt-4o-2024-05-13,86,gpt-4o-2024-05-13,gemini-1.5-pro-exp-0801,1.0,20382,reverse,1.0,0.0008568980099774898,0.0008568980099774898,0.4894998537994232,0.5105001462005768,0.00021412905415007025,0.04200676069447773,50231
vision_arena,Vision Arena,flip,flip,,gemini-1.5-pro-exp-0801,gpt-4o-2024-05-13,87,gpt-4o-2024-05-13,gemini-1.5-pro-exp-0801,1.0,20344,reverse,1.0,0.0008568980099774898,0.0008568980099774898,0.4894998537994232,0.5105001462005768,0.00021412905415007025,0.04200676069447773,50193
